"","JAKMXF010000351.1","JAKMXF010000008.1","JAKMXF010000018.1","JAKMXF010000052.1","JAKMXF010000327.1","JAKMXF010000028.1","JAKMXF010000040.1","JAKMXF010000063.1","JAKMXF010000143.1","JAKMXF010000084.1","JAKMXF010000011.1","JAKMXF010000144.1","JAKMXF010000312.1","JAKMXF010000302.1","JAKMXF010000304.1","JAKMXF010000335.1","JAKMXF010000342.1","JAKMXF010000348.1","JAKMXF010000350.1","JAKMXF010000353.1","JAKMXF010000359.1","JAKMXF010000360.1","JAKMXF010000364.1","JAKMXF010000362.1","JAKMXF010000001.1","JAKMXF010000002.1","JAKMXF010000006.1","JAKMXF010000025.1","JAKMXF010000010.1","JAKMXF010000007.1","JAKMXF010000009.1","JAKMXF010000012.1","JAKMXF010000020.1","JAKMXF010000013.1","JAKMXF010000014.1","JAKMXF010000015.1","JAKMXF010000016.1","JAKMXF010000041.1","JAKMXF010000017.1","JAKMXF010000024.1","JAKMXF010000019.1","JAKMXF010000049.1","JAKMXF010000021.1","JAKMXF010000023.1","JAKMXF010000026.1","JAKMXF010000032.1","JAKMXF010000027.1","JAKMXF010000061.1","JAKMXF010000085.1","JAKMXF010000029.1","JAKMXF010000034.1","JAKMXF010000031.1","JAKMXF010000030.1","JAKMXF010000047.1","JAKMXF010000035.1","JAKMXF010000036.1","JAKMXF010000039.1","JAKMXF010000038.1","JAKMXF010000037.1","JAKMXF010000056.1","JAKMXF010000042.1","JAKMXF010000057.1","JAKMXF010000043.1","JAKMXF010000045.1","JAKMXF010000046.1","JAKMXF010000048.1","JAKMXF010000050.1","JAKMXF010000102.1","JAKMXF010000051.1","JAKMXF010000072.1","JAKMXF010000053.1","JAKMXF010000083.1","JAKMXF010000054.1","JAKMXF010000067.1","JAKMXF010000139.1","JAKMXF010000058.1","JAKMXF010000059.1","JAKMXF010000060.1","JAKMXF010000081.1","JAKMXF010000078.1","JAKMXF010000062.1","JAKMXF010000064.1","JAKMXF010000299.1","JAKMXF010000332.1","JAKMXF010000070.1","JAKMXF010000065.1","JAKMXF010000069.1","JAKMXF010000095.1","JAKMXF010000073.1","JAKMXF010000093.1","JAKMXF010000071.1","JAKMXF010000074.1","JAKMXF010000109.1","JAKMXF010000137.1","JAKMXF010000076.1","JAKMXF010000066.1","JAKMXF010000075.1","JAKMXF010000125.1","JAKMXF010000079.1","JAKMXF010000080.1","JAKMXF010000086.1","JAKMXF010000082.1","JAKMXF010000111.1","JAKMXF010000222.1","JAKMXF010000310.1","JAKMXF010000177.1","JAKMXF010000321.1","JAKMXF010000343.1","JAKMXF010000354.1","JAKMXF010000365.1","JAKMXF010000022.1","JAKMXF010000055.1","JAKMXF010000033.1","JAKMXF010000044.1","JAKMXF010000077.1","JAKMXF010000300.1","JAKMXF010000088.1","JAKMXF010000155.1","JAKMXF010000099.1","JAKMXF010000110.1","JAKMXF010000309.1","JAKMXF010000122.1","JAKMXF010000133.1","JAKMXF010000166.1","JAKMXF010000188.1","JAKMXF010000255.1","JAKMXF010000199.1","JAKMXF010000320.1","JAKMXF010000363.1","JAKMXF010000210.1","JAKMXF010000244.1","JAKMXF010000221.1","JAKMXF010000233.1","JAKMXF010000266.1","JAKMXF010000307.1","JAKMXF010000277.1","JAKMXF010000288.1","JAKMXF010000297.1","JAKMXF010000295.1","JAKMXF010000296.1","JAKMXF010000298.1","JAKMXF010000315.1","JAKMXF010000301.1","JAKMXF010000303.1","JAKMXF010000305.1","JAKMXF010000306.1","JAKMXF010000308.1","JAKMXF010000311.1","JAKMXF010000349.1","JAKMXF010000314.1","JAKMXF010000330.1","JAKMXF010000313.1","JAKMXF010000339.1","JAKMXF010000357.1","JAKMXF010000316.1","JAKMXF010000317.1","JAKMXF010000318.1","JAKMXF010000345.1","JAKMXF010000319.1","JAKMXF010000322.1","JAKMXF010000323.1","JAKMXF010000324.1","JAKMXF010000328.1","JAKMXF010000326.1","JAKMXF010000347.1","JAKMXF010000329.1","JAKMXF010000331.1","JAKMXF010000333.1","JAKMXF010000358.1","JAKMXF010000352.1","JAKMXF010000005.1","JAKMXF010000334.1","JAKMXF010000356.1","JAKMXF010000336.1","JAKMXF010000337.1","JAKMXF010000338.1","JAKMXF010000340.1","JAKMXF010000346.1","JAKMXF010000341.1","JAKMXF010000344.1","JAKMXF010000003.1","JAKMXF010000325.1","JAKMXF010000355.1","JAKMXF010000361.1","JAKMXF010000004.1"
"Aphrocallistes_vastus_HiC-scaffold_001",4.98844639424173e-31,5.07506849956051e-317,2.29456363140905e-38,1.28720425303564e-32,1.67385091093466e-66,0,6.67034727184952e-22,8.77954201823577e-14,2.65736946646724e-20,6.80925381016524e-16,5.72889113838607e-17,0,4.74057875032534e-16,2.9175867708703e-38,2.65671242094485e-288,0.0124383313813111,9.90025210613962e-60,0.00671552387064086,1.27151556452055e-12,5.94017048988269e-06,6.7899581322221e-11,1.9995157564209e-21,6.67034727184952e-22,1.08778130666312e-08,3.45955746997824e-36,1.51534231604025e-138,0.00096193486326783,1.08924013025606e-09,1,1.72080769989005e-43,1.57128092836552e-15,2.81247313402847e-21,6.11538194754066e-27,9.42066947756797e-15,9.71279971316971e-127,6.11538194754066e-27,1,1,2.75098877412843e-42,9.91208546596573e-07,1.27151556452055e-12,1,6.53464005503286e-243,9.91208546596573e-07,9.91208546596573e-07,0.00096193486326783,1,4.05227583045779e-24,1,1.27151556452055e-12,1.08924013025606e-09,3.48399449546832e-95,1.35785153181583e-77,9.91208546596573e-07,1,1.27151556452055e-12,1.27151556452055e-12,1,1.08924013025606e-09,9.91208546596573e-07,0.00096193486326783,0.00096193486326783,2.75098877412843e-42,2.72064605725256e-35,9.91208546596573e-07,0.00096193486326783,1,2.67736425176304e-175,0.00096193486326783,0.00096193486326783,1.57128092836552e-15,9.64637028834355e-30,9.91208546596573e-07,1.08924013025606e-09,1,0.00096193486326783,1,1.08924013025606e-09,1,3.48399449546832e-95,1,1,1,0.00096193486326783,1.49064628906426e-51,1,0.00096193486326783,9.91208546596573e-07,1,6.65057479710673e-70,1,1.57128092836552e-15,1,1,1,0.00192301044300495,1,1,1,1.77299628510682e-72,1.4264850150307e-119,1,3.02209332872618e-166,9.42066947756797e-15,1.08924013025606e-09,0.00096193486326783,2.04916833112618e-18,0.00096193486326783,1,7.33766704518588e-07,2.7654830774389e-05,1,6.07934139625097e-08,6.11606689818696e-15,0.00767145861084923,2.97185489482534e-06,1,1.48327461388297e-05,9.40195090681043e-15,0.00575873409041442,1,0.00384258658571156,1,2.8850678464064e-26,1,0.00288322744780139,1,0.00096193486326783,1,1,1.95676185196126e-103,1,4.35404191126266e-09,1,0.00096193486326783,0.00096193486326783,1,1,9.91208546596573e-07,1,1,1,9.91208546596573e-07,2.04916833112618e-18,6.11538194754066e-27,1,0.00096193486326783,4.05227583045779e-24,1,1,1,1,1,1,1,1,1,1,1.08924013025606e-09,0.00096193486326783,1.08924013025606e-09,1,1,1,1,1,1,9.91208546596573e-07,1,1,1.57128092836552e-15,1,1,4.05227583045779e-24,0.00096193486326783,0.00096193486326783,1.57128092836552e-15,1,0.00096193486326783,1,1,1,1,1,1
"Aphrocallistes_vastus_HiC-scaffold_002",2.02720695114493e-37,9.3035335338163e-32,3.15952858662684e-11,7.85207878513853e-39,9.46297208604495e-05,1.55920607514096e-31,0,3.00901687856638e-29,0.00021294172702217,1.23656861854696e-08,3.87583799377226e-11,5.17298302549173e-05,1.1664872032191e-29,2.24870865062717e-07,9.36112436046671e-13,4.66148758279394e-09,2.59122754202524e-15,1.24965148438425e-22,0.00116806376253951,3.19584536659881e-19,1,1,7.21966952745291e-32,1.88166788259923e-08,4.02638147565237e-05,0.00116806376253951,3.73179220486811e-15,1.44433245361215e-06,1.44433245361215e-06,1.88477443967522e-09,1.88477443967522e-09,1,1.44433245361215e-06,0.00233484332112102,0.00116806376253951,2.58844239920254e-12,1.44433245361215e-06,8.2915578167524e-32,1,1.44433245361215e-06,1,3.73179220486811e-15,1,1,1.44433245361215e-06,1.44433245361215e-06,1.88477443967522e-09,2.58844239920254e-12,1.44433245361215e-06,0.00116806376253951,2.51167472845421e-26,0.00116806376253951,3.16351792173347e-37,1.88477443967522e-09,1,1.88477443967522e-09,1,0.00116806376253951,1,1,2.58844239920254e-12,5.63521291059701e-18,0.00233484332112102,1,2.58844239920254e-12,1.88477443967522e-09,1.88477443967522e-09,0.00116806376253951,1,1,1,1.46460826443688e-23,0.00116806376253951,1,1.44433245361215e-06,4.47867191958809e-29,0.00116806376253951,1,1.44433245361215e-06,1,1.44433245361215e-06,1,0.00116806376253951,0.00116806376253951,1,1,8.89444628636512e-21,1.44433245361215e-06,1,0.00116806376253951,1,1.88477443967522e-09,4.32982169514209e-06,1,1,7.10871467739157e-20,0.00116806376253951,1.44433245361215e-06,1,1,1.46460826443688e-23,1,1.44433245361215e-06,7.53288208208773e-09,1,0.00116806376253951,0.00116806376253951,2.58844239920254e-12,1,7.82366477429924e-09,1,1,3.0220004937724e-05,1,0.0093086264298234,7.10871467739157e-20,1,1,1,1,1,1,1,0.00698914597156279,1,0.00350033999948421,0.0058274900041472,0.00116806376253951,1,1,1,1,0.00233484332112102,2.20773304536387e-41,1,1,1,0.00116806376253951,1.44433245361215e-06,1,1.88477443967522e-09,1,2.58844239920254e-12,1,1,1,1,1,1,1,1,1,1,1,1,9.03566903670219e-11,1,1,1,1,1,1,1,1,0.00116806376253951,1,1,1,1,1,0.00116806376253951,1,1,1,1.44433245361215e-06,1.88477443967522e-09,1,1,1,1,1,1,1,0.00116806376253951,1
"Aphrocallistes_vastus_HiC-scaffold_003",4.98844639424173e-31,1.51032258507846e-13,8.16127627186872e-19,6.80925381016524e-16,1.26372131257223e-09,2.95186119574477e-22,0.00384258658571156,1.71735173804015e-16,8.14152652784269e-15,0.016236510683996,0,1.30097119153687e-07,2.40905370620083e-11,5.02300920229967e-28,6.07934139625097e-08,1,2.21878977855472e-18,0.00671552387064086,9.91208546596573e-07,1.08778130666312e-08,0.00635891037024449,0,3.36706293164376e-19,5.94017048988269e-06,6.95262871662199e-103,2.04916833112618e-18,1.08924013025606e-09,0.00096193486326783,0.00096193486326783,1.57128092836552e-15,9.91208546596573e-07,1.57128092836552e-15,1.27151556452055e-12,2.97185489482534e-06,1,4.05227583045779e-24,0.00096193486326783,9.91208546596573e-07,0.00192301044300495,0.00096193486326783,6.11538194754066e-27,0.00096193486326783,2.81247313402847e-21,1,0.00096193486326783,1,9.91208546596573e-07,1.57128092836552e-15,1,1.57128092836552e-15,9.91208546596573e-07,1,1.27151556452055e-12,9.91208546596573e-07,0.00096193486326783,9.91208546596573e-07,1,1.08924013025606e-09,4.05227583045779e-24,2.04916833112618e-18,9.91208546596573e-07,0.00096193486326783,0.00192301044300495,1.08924013025606e-09,1,1,1,1,1,1,9.91208546596573e-07,0.00096193486326783,1,1,0.00096193486326783,0.00096193486326783,1,1,9.91208546596573e-07,9.91208546596573e-07,1,1,1,1,3.89599312560828e-80,1,0.00096193486326783,9.91208546596573e-07,1,1,1,1.08924013025606e-09,1,9.91208546596573e-07,1,1,1,1,1,1,1.27151556452055e-12,1,0.00096193486326783,1,0.00096193486326783,1,1,0.00096193486326783,0.133384118988623,0.014339119856683,1,1,0.00575873409041442,0.00862653901642107,1,9.42066947756797e-15,1,1.48327461388297e-05,1,6.07934139625097e-08,1.26372131257223e-09,1,1,6.07934139625097e-08,1,1,1.48327461388297e-05,1,1,1,1,1,1,1,0.00096193486326783,0.00096193486326783,1,1,1,1,1,0.00096193486326783,1,1,1,1,1,0.00096193486326783,1,1.01166856946129e-64,1,1,0.00096193486326783,1,0.00096193486326783,0.00384258658571156,1,1,1,1,9.91208546596573e-07,1,1,1,1,1,1,0.00096193486326783,1,1,0.00096193486326783,0.00096193486326783,1,1,1,0.00096193486326783,1,1,0.00096193486326783,1,1,1,1,1,1
"Aphrocallistes_vastus_HiC-scaffold_004",2.02720695114493e-37,7.48327056312548e-11,5.10288927126735e-35,0.0196833293436752,1.11043336364488e-11,6.57742349369126e-61,2.08406630353504e-13,1.06425731532275e-18,3.28956903092328e-14,1.23656861854696e-08,7.82241396555795e-14,9.60643042366341e-15,1,7.96287747260133e-30,3.0220004937724e-05,1,6.14308683786916e-66,4.02638147565237e-05,1.46460826443688e-23,0.00350033999948421,0.000126762102092027,4.46526372115244e-26,1.44115924219344e-05,1,4.37250119833103e-20,1.44433245361215e-06,1,1.88477443967522e-09,1,1,8.89444628636512e-21,2.58844239920254e-12,2.58844239920254e-12,4.32982169514209e-06,2.51167472845421e-26,3.73179220486811e-15,0.00116806376253951,1,2.50919082514469e-25,0.00116806376253951,0,1,1.44433245361215e-06,1,0.00116806376253951,1.44433245361215e-06,1,8.2915578167524e-32,3.73179220486811e-15,1.46460826443688e-23,1,1,1.46460826443688e-23,0.00116806376253951,1,4.51618053366137e-66,1,3.73179220486811e-15,0.00116806376253951,0.00116806376253951,1,0.00116806376253951,1.25451468902336e-246,1.44433245361215e-06,0.00116806376253951,1,1,1,1,2.58844239920254e-12,1,3.73179220486811e-15,1.44433245361215e-06,0.00116806376253951,0.00116806376253951,1,1,1,0.00116806376253951,1,1,0.00116806376253951,1,1,0.00116806376253951,0.00116806376253951,0.00116806376253951,1,1,0.00116806376253951,1,2.58844239920254e-12,1,1.44433245361215e-06,1,1,1,3.16351792173347e-37,3.02761319554259e-45,1,1.46460826443688e-23,1,3.73179220486811e-15,0.00233484332112102,1,1,0.00116806376253951,1,0.159580824005447,1,1,1,2.13049405866701e-38,1,1,1,1,1,1.57989661548586e-06,1,1,1,1,0.00698914597156279,1,1,1,1,1,1,1,0.00116806376253951,1,4.32982169514209e-06,1,1,8.2915578167524e-32,1,0.00116806376253951,3.16351792173347e-37,4.47867191958809e-29,1,1.44433245361215e-06,1,2.58844239920254e-12,1,0.00116806376253951,1,1,1,1,1,1,1,1.44433245361215e-06,0.00466455512009507,1,1,1,1,1,1,1,1,1,1,1,1,1,1.44433245361215e-06,1,1,0.00116806376253951,2.51167472845421e-26,1,1.88477443967522e-09,1,1,1,1,1,1,1,1,1
"Aphrocallistes_vastus_HiC-scaffold_005",1.76780974485242e-24,1.11043336364488e-11,1.75916877445254e-19,4.47033914349772e-14,3.78981515658463e-20,1.09687013134086e-12,6.22189584826878e-06,0.00302010905748079,4.67524679511224e-10,1.11043336364488e-11,2.53705493034709e-20,2.23578139096611e-05,4.50436584142608e-07,4.34424044255085e-13,1.30540141478023e-05,1,1.30540141478023e-05,1,5.50718560677126e-16,8.01295203192669e-12,0.236759672724026,0.00377383955922427,6.22189584826878e-06,1,1.73973796587066e-05,0.000755805963996152,0.000755805963996152,0,1,0,0.000755805963996152,0.000755805963996152,0.000755805963996152,0.00151109258080341,5.56290495095064e-10,0.000755805963996152,1,6.23045372146415e-07,0,1,1.13571379025755e-27,5.56290495095064e-10,1,0.000755805963996152,1,1,0.000755805963996152,4.11968228116332e-143,7.05585365203639e-22,6.23045372146415e-07,5.56290495095064e-10,5.56290495095064e-10,1,6.23045372146415e-07,1,1,1,1.89673648935654e-104,5.50718560677126e-16,1,1,6.23045372146415e-07,0.00151109258080341,0.000755805963996152,6.23045372146415e-07,1,0.000755805963996152,1,1,1,6.23045372146415e-07,6.23045372146415e-07,5.50718560677126e-16,1,6.23045372146415e-07,1,1,1,1,5.56290495095064e-10,1,0.000755805963996152,1,5.56290495095064e-10,1,6.23045372146415e-07,1,0.000755805963996152,1,0.000755805963996152,1,1,1,1,1,1,1,1,1,0.000755805963996152,5.56290495095064e-10,0.000755805963996152,1,4.23118635281558e-18,1,0.000755805963996152,1,0.000755805963996152,0.10637652431836,1,1,1,0.00452705199752577,0.00678358413585387,1,1,1,9.32856880464772e-06,1,1,1,1,1,1,1,3.7348482895991e-06,1,1,1,1,1,1,1,0.00151109258080341,1,1,1,1,1,1,0.000755805963996152,1,1,0.000755805963996152,6.23045372146415e-07,1,6.23045372146415e-07,1,1,1,1,0.000755805963996152,1,1,1,1.11086194587029e-08,1,0.000755805963996152,1,1,1,1,1,1,1,1,0.000755805963996152,1,1,1,1,1,1,1,1,1,1,6.23045372146415e-07,1,1,0.000755805963996152,1,1,1,1
"Aphrocallistes_vastus_HiC-scaffold_006",2.95186119574477e-22,3.52927777940062e-19,5.95232530385072e-84,2.79659744326761e-14,2.63762107443423e-33,7.81613961286794e-39,6.98482456455415e-34,3.17021400334435e-17,8.13341376999981e-16,0,7.70211702768115e-15,1.50885491043668e-26,3.4675770763982e-07,1.25620474014633e-10,4.80116759266609e-11,0.00889917523807348,9.22826018642032e-14,1,6.00916974564773e-45,1.49256475582023e-20,0.0280586116861827,7.77523232645824e-06,8.54641357879570e-09,1,1.69097584132179e-13,4.27915765457737e-10,0.000687096330905592,3.81988919593357e-13,0.000687096330905592,5.1920447678868e-07,4.84106469302807e-25,3.7800705798638e-19,3.7800705798638e-19,1.90899986032559e-12,4.15050214825671e-22,3.81988919593357e-13,0.000687096330905592,3.81988919593357e-13,1.90899986032559e-12,5.1920447678868e-07,4.27915765457737e-10,5.1920447678868e-07,1,3.81988919593357e-13,5.1920447678868e-07,1,0.000687096330905592,3.81988919593357e-13,7.25649372291427e-247,0.000687096330905592,3.81988919593357e-13,1,3.7800705798638e-19,3.81988919593357e-13,0.000687096330905592,2.31875376572167e-39,5.1920447678868e-07,0.000687096330905592,3.67145707118086e-16,1,3.81988919593357e-13,4.27915765457737e-10,1,1,0.000687096330905592,1,1,1,1,1,0.000687096330905592,0.000687096330905592,4.27915765457737e-10,0.000687096330905592,1,1,1,1,5.1920447678868e-07,5.1920447678868e-07,0.000687096330905592,1,1,1,1,0.000687096330905592,0.000687096330905592,0.000687096330905592,1,1,1,5.1920447678868e-07,1,5.1920447678868e-07,1,0.00137376774138391,1,1,1,0.000687096330905592,3.81988919593357e-13,4.27915765457737e-10,3.81988919593357e-13,0.00137376774138391,1,1,1,1,1,0.0102619344539705,1.4501802651437e-05,1,0.00411620884936132,2.32872559686697e-05,0.00548488594907958,0.00137376774138391,1,1,1,1,1,1,1,1.08808376976288e-05,1,0.00206001446503606,7.77523232645824e-06,1,1,1,1,5.1920447678868e-07,1,1,1,1,1,1,1,1,1,1,5.1920447678868e-07,1,5.1920447678868e-07,1,3.81988919593357e-13,1,1,1,1,1,1,0.000687096330905592,4.27915765457737e-10,0.00274583673535079,0.000687096330905592,1,1,1,0.000687096330905592,1,1,1,1,3.81988919593357e-13,1,1,1,1,1,1,1,1,5.1920447678868e-07,1,1,1,1,1,1,1,1,1,1
"Aphrocallistes_vastus_HiC-scaffold_007",2.17410523299055e-08,1.06425731532274e-18,1.23483641058061e-32,1.06425731532274e-18,1.04523833366971e-265,4.89496632851325e-42,5.32628294119493e-19,6.54132856340412e-13,4.28714603212601e-16,2.08406630353504e-13,2.80388888025084e-13,6.16347081750938e-12,3.16700194434079e-08,0,2.17679681738835e-09,1,2.4934468505296e-68,2.64104397404502e-06,1.86987583017727e-14,2.80388888025084e-13,1.67022402894924e-08,1.36070839498581e-09,6.54132856340412e-13,5.66249221905059e-07,2.64104397404502e-06,0.000274838532362237,1.86987583017727e-14,6.34417439977143e-21,0.000274838532362237,1.86987583017727e-14,9.44008139615785e-08,0.000274838532362237,1,9.34783762093565e-14,0.000274838532362237,3.89014332234308e-11,1.02698099893171e-17,0.000274838532362237,0.000549620408667505,1,0.000274838532362237,4.35367358208737e-24,3.89014332234308e-11,1,9.44008139615785e-08,0.000274838532362237,1,9.44008139615785e-08,1,6.34417439977143e-21,3.89014332234308e-11,1,0.000274838532362237,1,1,9.44008139615785e-08,1.02698099893171e-17,0.000274838532362237,3.89014332234308e-11,1,0.000274838532362237,0.000274838532362237,2.8316352441299e-07,0.000274838532362237,9.44008139615785e-08,1,1,1,0.000274838532362237,1,0.000274838532362237,3.89014332234308e-11,0.000274838532362237,1,1,1,1,1,1,9.44008139615785e-08,1,1,1,0.000274838532362237,1.02698099893171e-17,0.000274838532362237,9.44008139615785e-08,1,1.02698099893171e-17,1.02698099893171e-17,1,1,1,1,0.000274838532362237,0.000549620408667505,1,0.000274838532362237,0.000274838532362237,0.000274838532362237,4.35367358208737e-24,1,9.44008139615785e-08,2.8316352441299e-07,3.28579051562993e-27,1,1,9.44008139615785e-08,1,1,3.26469035971961e-09,1,0.00164818150904492,0.00247150782722491,0.00219712232532069,0.000549620408667505,1,1,1.77864135649713e-05,1,1,0.00109901422425341,1,1,1,2.15591937744988e-16,1,1,1,1,1,1,1,1,1,1,1,1,1,1,1,1,0.000274838532362237,1,0.000274838532362237,0.000274838532362237,9.44008139615785e-08,1,1,1,1,0.000274838532362237,1,0.000274838532362237,1,9.43619005010437e-07,1,1,1,1,0.000274838532362237,1,1,1,1,1,1,1,1,0.000274838532362237,9.44008139615785e-08,1,1,3.89014332234308e-11,1,0.000274838532362237,1,1,1,1,1,0.000274838532362237,1,1,1
"Aphrocallistes_vastus_HiC-scaffold_008",2.17410523299055e-08,0.00466455512009507,1.71735173804013e-16,1,1.8686611530453e-11,9.95398145716448e-45,1.08247697810599e-36,5.7481308872659e-16,0,1,3.8889406646512e-10,1.08731475622697e-17,7.22972817167666e-11,4.66312221267715e-09,9.92233110315702e-47,1,9.92233110315702e-47,1,1.02698099893171e-17,5.66249221905059e-07,1.16044613316068e-05,1.41523398032288e-06,3.85343363366921e-268,1,1,1.02698099893171e-17,1,0.000274838532362237,0.000274838532362237,0.000274838532362237,1.86987583017727e-14,1,0,0.000549620408667505,0.000274838532362237,1.86987583017727e-14,1,0.000274838532362237,2.70422290653779e-29,9.44008139615785e-08,0.000274838532362237,1,0.000274838532362237,0.000274838532362237,0.000274838532362237,0.000274838532362237,1,9.44008139615785e-08,9.44008139615785e-08,9.44008139615785e-08,0.000274838532362237,0.000274838532362237,9.44008139615785e-08,9.44008139615785e-08,1,9.44008139615785e-08,1.02698099893171e-17,0.000274838532362237,9.44008139615785e-08,0.000274838532362237,1,0.000274838532362237,0.000549620408667505,1,0.000274838532362237,1,1,0.000274838532362237,1,1,0.000274838532362237,1,9.44008139615785e-08,0.000274838532362237,0.000274838532362237,1,1,1,1,1,1,1,0.000274838532362237,1,1,1,9.44008139615785e-08,1,1,1,1,0.000274838532362237,1,0.000274838532362237,1,1,1,1,1,1,0.000274838532362237,1,1,1,1,1,1,1,1,1,0.00192268022185519,1,1,1,1,1,1,0.00137362617910585,1,8.2130849944702e-79,1,5.22158274789737e-22,1,1.98105526245649e-06,0.00192268022185519,0.000824345636702507,1.41523398032288e-06,1,1,1,1,2.10173211621783e-73,1,1,1,1,1,1,1,1,1,1,9.44008139615785e-08,1,0.000274838532362237,1,1,0.000274838532362237,1,1,1,1,1,1,1,1,1,1,1,1,0.000274838532362237,1,1,1,1,1,1,6.34417439977143e-21,1,1,9.44008139615785e-08,0.000274838532362237,1,1,1,1,1,1,1,1,1,1,1,1,1
"Aphrocallistes_vastus_HiC-scaffold_009",1.66983115254198e-165,4.22247526781262e-09,2.90080962571323e-11,1.78899857986435e-07,0,4.99039074094626e-05,5.14929185482873e-08,4.66195787942824e-06,0.00273019037839006,0.00542374730183889,9.55876491555606e-19,1.32576828617034e-12,0.00484048645365022,0.0478981772187371,1.83586627481649e-07,1,3.44990799652975e-19,0.00103329257613493,1.49277797150541e-09,6.18362636312667e-23,0.727147784164349,1.26482860330032e-11,0.000373523702212303,0.000225020445953968,5.50773801420401e-11,9.53098573769685e-12,3.78075259916121e-05,0.00611515734505977,0.00611515734505977,1.75701885217644e-20,4.00903848470418e-16,8.01628809913113e-25,3.78075259916121e-05,3.19026830609171e-15,2.36297030757424e-07,1,0.00611515734505977,0.00611515734505977,1.74746209830701e-19,1,1,1,1,1,0.00611515734505977,0.00611515734505977,3.78075259916121e-05,6.14944424888815e-14,1,2.36297030757424e-07,1.49277797150541e-09,1,1.49277797150541e-09,3.78075259916121e-05,1,1.49277797150541e-09,1,3.78075259916121e-05,3.78075259916121e-05,1,0.00611515734505977,3.78075259916121e-05,1,0.00611515734505977,3.78075259916121e-05,0.00611515734505977,0.00611515734505977,1,0.00611515734505977,1,3.78075259916121e-05,3.78075259916121e-05,2.36297030757424e-07,1,0.00611515734505977,1,1,1,1,0.00611515734505977,1,0.00611515734505977,0.00611515734505977,1,3.78075259916121e-05,3.78075259916121e-05,1,1,1,0.00611515734505977,1,4.00903848470418e-16,1,0.00611515734505977,1,1,0.00611515734505977,1,1,1,9.53098573769685e-12,0.00611515734505977,0.00611515734505977,0.0121933371702704,0.00611515734505977,1,1,1,1,1,1,1,0.00077809877729689,1,1,0.0121933371702704,1,1,1,1,1,1,1,0.0361406831656578,1,0.0182347605479398,1,0.00611515734505977,1,1,1,3.78075259916121e-05,1,1,1,1,1,1,1,1,1,1,1,0.00611515734505977,1,1,0.00611515734505977,1,1,1,1,1,1,1,1,4.66195787942824e-06,1,1,1,1,1,1,1,1,0.00611515734505977,1,1,1,1,1,1,1,1,1,1,1,1,1,1,1,1,1,1,1,1
"Aphrocallistes_vastus_HiC-scaffold_010",2.02720695114493e-37,1.23656861854696e-08,3.15952858662684e-11,1.80240289501216e-06,4.47033914349772e-14,0.011623007028871,0.00466455512009507,3.00901687856638e-29,0.0990759983398431,0.0196833293436752,1.57488812680756e-16,0.0093086264298234,5.70676909189455e-11,2.43489867796931e-32,0.00698914597156279,0.0150850386846589,3.0220004937724e-05,1.71463393475115e-12,2.58844239920254e-12,8.65329696870638e-06,0.0698546423102935,1.80554458369753e-10,3.76023304975994e-08,0.00350033999948421,0.00814952434099386,0.00116806376253951,0.00116806376253951,1,0.00116806376253951,0.00116806376253951,1.88477443967522e-09,0,1,1,5.63521291059701e-18,1.44433245361215e-06,4.47867191958809e-29,1,2.50919082514469e-25,1,1,1,2.58844239920254e-12,0.00116806376253951,1,2.58844239920254e-12,1,1.44433245361215e-06,1,0.00116806376253951,1.88477443967522e-09,0.00116806376253951,6.68699640386421e-316,1,1,1,1,0.00116806376253951,5.63521291059701e-18,1,1,2.38071987146935e-58,1,1,0.00116806376253951,0.00116806376253951,1,1.44433245361215e-06,1,0.00116806376253951,0.00116806376253951,1.44433245361215e-06,1,2.20718498766736e-115,1,0.00116806376253951,0.00116806376253951,1,1.44433245361215e-06,1.44433245361215e-06,1,0.00116806376253951,1,0.00116806376253951,1,1,1,1,1,0.00116806376253951,1,0.00116806376253951,0.00233484332112102,1,1,4.32982169514209e-06,1,1,1,1,0.00116806376253951,1,1,0.00233484332112102,1,0.00116806376253951,0.00116806376253951,0.00116806376253951,1,1,1,1,0.00698914597156279,1,0.0093086264298234,4.32982169514209e-06,0.00814952434099386,0.0058274900041472,1,0.00698914597156279,0.0127782881675199,1,1,0.00698914597156279,1,1,1,1,1,1,1,1,1,1,1,0.00116806376253951,1,1,0.00116806376253951,1,1.44433245361215e-06,1,1,1,0.00116806376253951,1,1.44433245361215e-06,3.73179220486811e-15,1,1,1,1,1,1,1,1,1,1,1,1,0.00116806376253951,1,1,1,1,1,1,1,1,0.00116806376253951,1,1,1,1,0.00116806376253951,1,1,1,1,1.44433245361215e-06,1,1,1,1,0.00116806376253951
"Aphrocallistes_vastus_HiC-scaffold_011",5.94017048988269e-06,7.01689806705676e-316,3.2947804199549e-14,8.65329696870638e-06,6.23870631655621e-26,1.57259578606556e-45,5.66249221905059e-07,1.51808940490413e-172,2.21756146816842e-08,3.87583799377225e-11,4.70083714488731e-23,2.03775015668817e-06,1.58472586302279e-08,2.64250420407819e-12,1.00917806105989e-12,1,1.18890546746943e-06,1.68177850446107e-12,5.66404883769468e-08,1,0.000138643954600615,0.0010303612355403,1.8256182108874e-54,3.39780663911404e-07,1.68177850446107e-12,1.94507166117154e-11,0.000206128899271678,1,1,3.85117874599394e-18,5.66404883769468e-08,0.000206128899271678,0.000206128899271678,0.000412229470514871,1,0.000206128899271678,0.000206128899271678,1.94507166117154e-11,0.000412229470514871,1,1,0.000206128899271678,1,0.000206128899271678,1,1,5.66404883769468e-08,1.94507166117154e-11,1,3.85117874599394e-18,8.01375355790261e-15,1,3.85117874599394e-18,1,5.66404883769468e-08,5.66404883769468e-08,1,5.66404883769468e-08,0.000206128899271678,4.67794865100555e-66,1,1,0.000412229470514871,0.000206128899271678,0.000206128899271678,1,1.94507166117154e-11,1,0.000206128899271678,1,1,1,3.85117874599394e-18,5.66404883769468e-08,1,1,1,0.000206128899271678,1,1,1,1,3.0303761610364e-177,1,1,1,0.000206128899271678,1,0.000206128899271678,5.66404883769468e-08,1,1,1,1,0.000206128899271678,1.69905898142143e-07,0.000206128899271678,1,1,1,1,1,0.000206128899271678,0.000412229470514871,1.30610207462622e-24,1,1,1,1,1,1.38552204454175e-68,1,0.00123634851413631,1.15218615798083e-23,1,4.00643634182255e-14,1,1,1,1,1,1,1,1,1,1,0.0010303612355403,1,1,1,1,1,1,1,0.000206128899271678,1,1,1,1,0.000206128899271678,1,1,0.000206128899271678,1,0.000206128899271678,1,1,1,1,1,1,1,1,1,1,0.000824345636702505,1,1,1,0.000206128899271678,1,1,0.000206128899271678,1,1,1,1,1,1,1,1.94507166117154e-11,1,1,1,0.000206128899271678,0.000206128899271678,0.000206128899271678,1,1,1,1,1,1,1,1
"Aphrocallistes_vastus_HiC-scaffold_012",9.59973347212892e-18,2.93667964413158e-12,1.86539244444507e-25,9.36049042290432e-20,0.00603192396560923,1.41906680597221e-18,1,3.39516124574108e-06,1,1,4.47877138220569e-21,0.00439001956183925,6.79414783815496e-10,0.00439001956183925,9.84086434039183e-20,1,0.00329409864407418,6.694174253803e-14,1,2.33240245774792e-09,1,1,1.49229564978014e-20,7.72881940468606e-27,6.694174253803e-14,1.45244455563199e-16,3.39842930261682e-07,1,0.000549677064724474,1,1,1,1,1,3.39842930261682e-07,1,0.000549677064724474,1.45244455563199e-16,1,1,1,1.29602419881043e-19,0.000549677064724474,1,1,1.45244455563199e-16,1.76302578273858e-13,0.000549677064724474,1,0.000549677064724474,2.02387376152614e-34,1.245150644477e-22,1,1,1.245150644477e-22,1.45244455563199e-16,1,3.39842930261682e-07,0.000549677064724474,0.000549677064724474,1.76302578273858e-13,1.76302578273858e-13,1,1.29602419881043e-19,1.45244455563199e-16,0.000549677064724474,0.000549677064724474,1,3.39842930261682e-07,3.39842930261682e-07,1,2.33408599340585e-10,1,1,0.000549677064724474,2.33408599340585e-10,1,0.000549677064724474,0.000549677064724474,1,3.39842930261682e-07,2.33408599340585e-10,1,2.33408599340585e-10,1,0.000549677064724474,3.39842930261682e-07,2.33408599340585e-10,1,1,1,1,1,1,1,1.01920188402239e-06,3.39842930261682e-07,1,1,1,1,1,1,8.711175160992e-16,1,1,1,3.39842930261682e-07,1,4.05984513870164e-05,1.95639252214158e-08,1,1,1,1,1.01920188402239e-06,1,1,1,1,1,1,0.00274574246424834,1,1,3.04768947771061e-15,1,1,1,1,1,1,1,1,1,1,0.000549677064724474,0.000549677064724474,1,1,1,1,1,1,1,3.39842930261682e-07,1,1,0.000549677064724474,1,1,1,1,1,1,8.12391488209982e-15,0.000549677064724474,1,1,3.39842930261682e-07,1,1,1,1,1,0.000549677064724474,1,1,1,1,1,1,0.000549677064724474,1,0.000549677064724474,1,1,1,1,1,1,1,1,1,1
"Aphrocallistes_vastus_HiC-scaffold_013",2.63595670834146e-35,1.44218019172803e-22,1.96335660744388e-18,9.90125841966736e-09,4.50436584142608e-07,8.60745961963988e-32,1.58813300563818e-13,3.52661035633879e-24,5.69831166002204e-18,5.70676909189453e-11,1.58472586302279e-08,0.00876316662331539,2.07272463948184e-20,2.23836781019992e-12,0.00657914974776905,1,4.87840202612415e-18,1,9.09473110567279e-35,1,1,8.57614142233872e-16,1.28120659071488e-05,1,3.76683865595443e-15,4.09833666225232e-18,1,0.00109935412944895,0.00109935412944895,9.09473110567279e-35,0,0.00109935412944895,1.28385106987747e-06,3.84890682155377e-06,0.00109935412944895,0.00109935412944895,1,2.84327025132809e-15,6.34380678894829e-09,1,1,0.00109935412944895,1.28385106987747e-06,0.00109935412944895,1,1,1,4.09833666225232e-18,0.00109935412944895,4.80663207244483e-209,0.00109935412944895,1.28385106987747e-06,4.09833666225232e-18,1,1,1.58717847551597e-09,1,0.00109935412944895,0.00109935412944895,1,1,1.28385106987747e-06,3.84890682155377e-06,0.00109935412944895,1,1,1,1,1,2.84327025132809e-15,1.28385106987747e-06,1,1.28385106987747e-06,0.00109935412944895,1,1,1,1.58717847551597e-09,1,0.00109935412944895,0.00109935412944895,1,1,1,1.28385106987747e-06,1,1.58717847551597e-09,1,1,1,1,1,1,0.00109935412944895,1,1,2.07075391936202e-12,1,1,1,6.18744089486267e-21,1,1.58717847551597e-09,1,1,1,1,0.00109935412944895,1,1,0.00767172148299284,1,1,1,1,1,0.00767172148299284,1,1,1,1,1,1,2.68683824451502e-05,1,0.00329466411506717,1,1,1,1,1.03452339252547e-11,1,1,1,1,1,1,1,1,1,1,0.00109935412944895,1,1,1,1,0.00109935412944895,1,1,1,1,1,1,1,0.00109935412944895,1,1,1,1,1,1,1,1,1,1,0.00109935412944895,1,1,1,1,1.28385106987747e-06,1,1,0.00109935412944895,1,0.00109935412944895,1,1,1,1,1,1,0.00109935412944895,1,1
"Aphrocallistes_vastus_HiC-scaffold_014",9.59973347212892e-18,2.24870865062717e-07,1.23798535352352e-12,4.22973427648688e-62,1.75800978141076e-10,1.25620474014634e-10,6.16347081750942e-12,1.49229564978014e-20,4.7618609519912e-07,8.48941546280542e-10,1.08131458509464e-29,1,6.79414783815496e-10,2.217568262529e-16,9.84086434039183e-20,3.08069147777325e-05,6.03323440981716e-39,1,0.000549677064724474,1,1,5.09110885064674e-06,6.16347081750942e-12,2.33240245774792e-09,2.13129001444642e-19,1.45244455563199e-16,3.39842930261682e-07,1.45244455563199e-16,0.000549677064724474,2.33408599340585e-10,1.76302578273858e-13,3.39842930261682e-07,3.39842930261682e-07,9.33297634697541e-10,3.39842930261682e-07,0,0.000549677064724474,1,9.33297634697541e-10,0,0.000549677064724474,1.76302578273858e-13,0.000549677064724474,1,1,1,1,2.33408599340585e-10,1,1,1.4064567062013e-28,1,2.33408599340585e-10,1,0.000549677064724474,3.39842930261682e-07,1,3.39842930261682e-07,0.000549677064724474,1,0.000549677064724474,0.000549677064724474,1,0.000549677064724474,0.000549677064724474,0.000549677064724474,1,0.000549677064724474,0.000549677064724474,1,0.000549677064724474,1.76302578273858e-13,3.39842930261682e-07,1,1,1,0.000549677064724474,1,0.000549677064724474,1,1,0.000549677064724474,1,0.000549677064724474,1,1,2.33408599340585e-10,1,1,1,1,0.000549677064724474,1,1,1,1,3.39842930261682e-07,1,0.000549677064724474,1,3.39842930261682e-07,2.33408599340585e-10,1,1,1,1,1,1,1,1,1,1,1,0.00493758451739441,0.00439001956183925,0.00109908973451642,1,1,1,1,6.65144311895812e-08,0.00219712232532069,1,0.00329409864407418,1,0.0016482381183897,1,1,1,9.33297634697541e-10,1,1,1,0.00109908973451642,1,1,1,0.000549677064724474,1,1,1,1,1,0.000549677064724474,0.000549677064724474,1,0.000549677064724474,1,1,1,1,0.000549677064724474,1,1,1,3.39516124574108e-06,1,1,1,1,1,1,1,1,1,1,1,1,1,1,1,1,1,1,0.000549677064724474,0.000549677064724474,1,1,1,1,1,1,1,1,1
"Aphrocallistes_vastus_HiC-scaffold_015",3.94491495390144e-13,3.2471221050694e-10,2.07534800140585e-05,3.2471221050694e-10,2.78601116944488e-16,3.2783161150358e-19,1.98105526245649e-06,5.21391570513944e-259,0.000778098777296891,0.00698914597156279,1.18890546746943e-06,1,3.20326633244223e-23,2.21714230020695e-11,6.09189038872840e-09,1,6.09189038872840e-09,1,1.08924013025606e-10,0.00123634851413631,0.13700513427973,1,0.00164818150904492,1,5.54314396667226e-06,6.73155298863818e-14,1.08924013025606e-10,1,0.000412257798543355,0.000412257798543355,4.62141449519267e-17,0.000412257798543355,1.08924013025606e-10,5.94588916806836e-07,6.73155298863818e-14,1,1.98241709319313e-07,6.73155298863818e-14,1,1,1,1.08924013025606e-10,0.000412257798543355,1,1,0.000412257798543355,1.98241709319313e-07,1.98241709319313e-07,1.98241709319313e-07,1,1.08924013025606e-10,1,0.000412257798543355,0.000412257798543355,0.000412257798543355,2.87342456417771e-23,1.98241709319313e-07,1.98241709319313e-07,0.000412257798543355,1,1.08924013025606e-10,6.73155298863818e-14,1,1,0.000412257798543355,0.000412257798543355,0.000412257798543355,1,1.98241709319313e-07,1,5.55146598086921e-150,2.87342456417771e-23,0.000412257798543355,1,0.000412257798543355,1,1,1,1,1,1,1,1.98241709319313e-07,0.000412257798543355,1,1.08924013025606e-10,1,1,1,1,0.000412257798543355,3.32345469996512e-103,1,6.73155298863818e-14,1,1,1,1,0.000412257798543355,1,1.98241709319313e-07,0.000412257798543355,1.98241709319313e-07,0.000824373956944286,1,1,1,0.000412257798543355,0.00211332038720161,2.37128290137946e-05,4.92191171120544e-20,1,1,1,7.1252668727616e-06,4.35583797880828e-10,1,1,6.04864733999302e-34,1,1,0.00164818150904492,0.00205987298058758,0.00247142296767374,1,0.00123634851413631,1,1.98241709319313e-07,1,0.000824373956944286,1,0.000412257798543355,1,1,1,1,1,1,1,1,1.98241709319313e-07,1,1,1,1,1,1,1,1,1,1,1,1,1,1,1,1,1,1,1,1,1,1,1,1,1,1,0.000412257798543355,0.000412257798543355,1,1.08924013025606e-10,1,1,1,1,1,3.48929591987429e-20,1,1,1,1,1,1,1,1
"Aphrocallistes_vastus_HiC-scaffold_016",7.28461470051557e-29,2.28397455946315e-11,2.29439204701859e-09,1.0343534908712e-13,2.51551322782059e-07,2.25788776065327e-12,1.76673376061775e-08,0.00356848397488008,2.56342296872363e-06,0.015085038684659,3.92022956947675e-17,0.00712521018787301,1,3.19392139929252e-10,4.9407384103915e-08,1,0.00534831457920303,7.40652468649241e-08,0,0.0026774666610593,1,5.44141088488759e-27,8.57631613990643e-06,0.0026774666610593,0.00623712898052764,9.72335431692182e-13,8.59047407050363e-07,8.59047407050363e-07,1,1,0.00089322523017727,8.59047407050363e-07,1,0.00178571393161393,1,8.59047407050363e-07,1,8.59047407050363e-07,2.57572562517959e-06,1,0.00089322523017727,8.59047407050363e-07,1,0.00089322523017727,0.00089322523017727,1,1,0.00089322523017727,0.00089322523017727,8.59047407050363e-07,0.00089322523017727,1,1,8.59047407050363e-07,8.8500760583305e-10,1,1,8.59047407050363e-07,9.43581842522654e-96,0.00089322523017727,0.00089322523017727,0.00089322523017727,1,8.59047407050363e-07,1,1,1,1,1,8.59865255070626e-33,0.00089322523017727,0.00089322523017727,0.00089322523017727,0.00089322523017727,0.00089322523017727,1,0.00089322523017727,1,1,1,1,1,1,8.59047407050363e-07,1,1,1,0.00089322523017727,1,1,1,1,1,8.59865255070626e-33,1,1,1,1,0.00089322523017727,1,1,1,1,0.00178571393161393,1,1,1,1,3.86055331437998e-13,0.0133212957342715,1,1,1,3.8487478714834e-05,1,0.00178571393161393,1,1,1,1,1,1,1,0.00534831457920303,1,1,1,0.00089322523017727,1,1,1,1,1,1,1,0.00089322523017727,1,1,0.00089322523017727,1,1,1,1,1,1,1,1,1,1,1,0.00089322523017727,1,1,1,1,8.57631613990643e-06,1,1,1,1,1,1,1,1,1,1,1,8.59047407050363e-07,1,1,1,1,1,1,1,1,1,1,1,1,1,1,1,1,1
"Aphrocallistes_vastus_HiC-scaffold_017",3.94491495390144e-13,2.59122754202524e-15,9.43097857667752e-16,2.59122754202524e-15,1.30540141478023e-05,4.80116759266609e-11,1,0.00164818150904492,1.29354706275475e-05,0.00698914597156279,1.18890546746943e-06,7.1252668727616e-06,2.68683824451502e-05,9.84086434039176e-20,6.09189038872840e-09,0.00534831457920303,1.16293051898031e-14,9.13548083509877e-09,6.83636764062433e-61,0.00123634851413631,0.0114232005845422,0.00205987298058758,2.35410166308416e-12,1,1,1.08924013025606e-10,1.98241709319313e-07,1,3.48929591987429e-20,0.000412257798543355,1.54426092723102e-52,1.98241709319313e-07,1,1,4.62141449519267e-17,0.000412257798543355,1.98241709319313e-07,4.62141449519267e-17,1,0.000412257798543355,1,0.000412257798543355,0.000412257798543355,0.000412257798543355,1.98241709319313e-07,0.000412257798543355,1,1.08924013025606e-10,1.98241709319313e-07,0.000412257798543355,0.000412257798543355,1,1.08924013025606e-10,0.000412257798543355,1,0.000412257798543355,1,1.08924013025606e-10,1,1,0.000412257798543355,6.73155298863818e-14,1,0.000412257798543355,1,0.000412257798543355,0.000412257798543355,1,1,1,0.000412257798543355,2.56291660219132e-26,1.98241709319313e-07,1,1,6.73155298863818e-14,0.000412257798543355,3.32539563288566e-128,0.000412257798543355,1,1,1,1,1.08924013025606e-10,1,1,1,1,1,1,1.08924013025606e-10,1.98241709319313e-07,4.35583797880828e-10,1,1,0.000824373956944286,0.000412257798543355,1,1,1,1.98241709319313e-07,1.98241709319313e-07,0.000412257798543355,1,0.000412257798543355,0.000412257798543355,1,1,1,0.00616901246699334,1,1,1,8.90454337052026e-06,1,5.94588916806836e-07,1,1,1,1,1,1,1,1,0.0028828315092048,1,1,0.000412257798543355,1,1,1,1,1,1,1,1,1,1,1,1,1,1,1,1,1,1,1,1,1,1,1,1,1,1,0.000412257798543355,1,1,1,1,1,1,1,1,0.000412257798543355,1,1,1,1,1,1,1,1,1,1,1,1.98241709319313e-07,0.000412257798543355,1,1,1.98241709319313e-07,1,1,1,1,1
"Aphrocallistes_vastus_HiC-scaffold_018",1.88475168124787e-15,4.02638147565238e-05,7.22696075307598e-13,4.02638147565238e-05,2.5355921592727e-13,1.45018026514371e-05,0.00192268022185519,3.92285569987135e-12,1,0.00814952434099388,2.239654994463e-21,9.49730941524061e-06,1,1,9.1354808350987e-09,7.50012413068959e-21,5.54314396667226e-06,1.0660295469254e-19,0.000480967431633915,1.63285004622273e-09,3.39639754915954e-10,3.96047711404298e-06,4.73976461250697e-15,1.58506203550337e-06,2.35138529459116e-11,5.91966688771888e-52,2.64322279092419e-07,1.63386019538409e-10,1,1,2.64322279092419e-07,1,0.000480967431633915,1,2.64322279092419e-07,1,2.64322279092419e-07,1,1,2.64322279092419e-07,1,0.000480967431633915,1,1,1,0.000480967431633915,0.000480967431633915,2.64322279092419e-07,2.64322279092419e-07,1,0.000480967431633915,1,0.000480967431633915,1,0.000480967431633915,0.000480967431633915,6.53016409199864e-280,0.000480967431633915,1,2.64322279092419e-07,1,1.63386019538409e-10,1,1,2.64322279092419e-07,6.97859183974855e-20,1,1,1,1.12192549810636e-13,1,2.64322279092419e-07,1,1,1,1.63386019538409e-10,1,0.000480967431633915,1,1,0.000480967431633915,1,1.63386019538409e-10,1,1,2.64322279092419e-07,1,0.000480967431633915,1,0.000480967431633915,1,0.000480967431633915,1,1,0.000480967431633915,7.92748899435487e-07,1,1,1,1,0.000480967431633915,1,2.64322279092419e-07,0.000961736567068434,1,1,1,1,1,1,1,1,0.0028828315092048,1,1,7.92748899435487e-07,1,9.65152677000682e-43,1,1,1,1,1,1,0.00336261018527268,0.00144230747443722,1,0.000480967431633915,1,1,1,0.000480967431633915,1,9.44117722923011e-34,1,0.000480967431633915,1,1,1,0.000480967431633915,1,1,1,0.000480967431633915,1,1,0.000480967431633915,1,1,1,1,1,1,0.000480967431633915,2.64322279092419e-07,3.2646903597196e-09,1,1,1,1,1,1,1,1,1,1,1,1,1,1,1,1,1,1,1,0.000480967431633915,1,1,1,2.64322279092419e-07,1,1,0.000480967431633915,1,1
"Aphrocallistes_vastus_HiC-scaffold_019",1,2.58844239920254e-12,2.81247313402849e-21,1,5.34784487430699e-13,5.19204476788681e-07,1.02698099893171e-17,3.89014332234308e-11,1,1,6.76181108750635e-31,0.000549677064724474,1,1.45244455563199e-16,1.08924013025606e-10,0.000893225230177271,1.98241709319315e-07,0.000480967431633915,1.83389464094947e-19,1,0.000589825725713337,0.000343548165452796,1,0.000206128899271678,0.000480967431633915,6.87096330905593e-05,1,9.44008139615781e-09,1,5.34250237193507e-16,1.99138819129085e-29,7.55258857115642e-23,1,1,9.62230486834392e-169,1.94507166117155e-12,6.87096330905593e-05,9.44008139615781e-09,2.83202441884736e-08,1,1,1,1,1,1,1,1,9.44008139615781e-09,1.94507166117155e-12,5.34250237193507e-16,1,6.87096330905593e-05,1,1,1,9.44008139615781e-09,6.87096330905593e-05,1,6.87096330905593e-05,1.28367782036885e-187,1,1,1,1,1,1,1,1,1,1,1,9.44008139615781e-09,7.70627495632411e-88,1,1,1,1,1,1,1,1,1,3.62806131840619e-26,1,1.94507166117155e-12,1,1,1,1,1,1,8.43165541878146e-36,1,1,1,1,1,1,1.94507166117155e-12,1,9.44008139615781e-09,1.94507166117155e-12,1,1,1,1,1,6.87096330905593e-05,1,1,1,1,1,2.2680423479183e-19,1,2.83202441884736e-08,1,1,1,1,0.000755805963996152,1,1,1,0.000480967431633915,1,1,1,1,1,0.000137419266181119,1,1,1,1,1,1,1,1,1,1,1,1,1,1,1,9.44008139615781e-09,6.87096330905593e-05,1,1,1,1,1,1,1,1,1,1,1,1,1,9.44008139615781e-09,1,1,1,1,1,1,1,1,1,1,1,1,1,1,1,1,1,1,1,1,1,1,1
"Aphrocallistes_vastus_HiC-scaffold_020",5.94017048988269e-06,1,0,0.00350033999948421,3.7348482895991e-06,5.13496116143178e-29,3.8889406646512e-10,2.80388888025083e-13,1.70404844625026e-12,1.88166788259923e-08,8.08562351129478e-17,0.0016482381183897,0.00329466411506717,4.47877138220566e-21,1.08867892085163e-09,1,0,1,0.000206128899271678,3.39780663911404e-07,1,6.80494468994879e-10,1,1,0.00144230747443722,1,1,0.000206128899271678,1,0.000206128899271678,1,2.1147247999238e-21,1,1,2.1147247999238e-21,8.01375355790261e-15,1,1,7.7794848288176e-11,1,0.000206128899271678,0.000206128899271678,1,1,0.000206128899271678,1,1,2.1147247999238e-21,0.000206128899271678,1,0.000206128899271678,1,1,1,1,0.000206128899271678,5.66404883769468e-08,0.000206128899271678,5.66404883769468e-08,1,1,0.000206128899271678,1,0.000206128899271678,1,1,1,0.000206128899271678,1,0.000206128899271678,5.66404883769468e-08,1,1,1,1,1,1,0.000206128899271678,1,1,1,1,5.66404883769468e-08,1,1,1,1,1,1,1,1,0.000206128899271678,1,0.000206128899271678,1,1,1,1,0.000206128899271678,1,1,1,1,1,1,0.000206128899271678,1,1,1,0.0030889599318218,1,1,1,1,1,1,1,1,1,1,1,1,1,9.69941536475846e-16,1,1,1,0.000206128899271678,1,1,1,1,1,1,1,0.000206128899271678,1,1,1,5.66404883769468e-08,1,1,1,1,0.000206128899271678,1,1,1,1,1,1,1,1,1,1,1,1,1,1,1,1,1,1,1,1,1,1,1,1,1,1,1,1,1,0.000206128899271678,5.66404883769468e-08,1,1,1,1,1,1,1,1,1
"Aphrocallistes_vastus_HiC-scaffold_021",0,0.341401843138784,5.67078421817545e-05,0.0698546423102935,8.19369366315362e-08,0.000210948669937675,5.87052144472721e-10,1,0.488290340042272,1,0.0034258633316407,0.00151888384620103,1,0.178378720922139,0.0114232005845422,0.0442587674351047,0.13700513427973,1,1.4381052657963e-05,1,0.000299990993650391,0.115545766316976,1.16044613316068e-05,1,1,0.000589825725713336,0.0242545004809674,0.0242545004809674,1,1.4381052657963e-05,1,1,1,1,1,0.000589825725713336,1,1,1.72375532292377e-06,0.0242545004809674,0.000589825725713336,1,0.0242545004809674,1,0.000589825725713336,1,1,3.51552184056471e-07,1,1.4381052657963e-05,1,1,3.51552184056471e-07,1,1,3.19042855219106e-15,1,0.000589825725713336,8.61623766787236e-09,1,1,0.000589825725713336,1,0.000589825725713336,1,1,1,1,1,1,3.51552184056471e-07,1,0.0242545004809674,1,1,1,1,1,1,1,0.0242545004809674,1,1,1,1,1,0.0242545004809674,1,1,1,1,1,1,2.48371111882187e-61,1,1,1,1,1,1,0.0242545004809674,1,0.0242545004809674,1,1,1,1,1,0.0534044589784988,1,1,1,1,1,1,1,1,1,0.0847946798156246,1,1,1,1,1,1,1,1,1,1,1,1,1,1,1,1,1,1,1,1,1,5.21610219809854e-12,0.0242545004809674,1,1,1,0.0242545004809674,0.0242545004809674,0.000589825725713336,1,1,1,1,0.0242545004809674,1,1,1,1,1,1,0.0242545004809674,1,1,1,1,1,1,1,1,1,1,1,1,1,0.000589825725713336,1,0.0242545004809674,1,1,1,1,1,1,1,1,1
"Aphrocallistes_vastus_HiC-scaffold_022",8.87519785577559e-11,0.0058274900041472,1.48327461388296e-05,1,3.73526805644919e-11,2.6686355402184e-11,1.30804997262084e-12,1,1,2.16015470996772e-05,4.4388304950428e-19,5.09110885064673e-06,1,0.00274574246424835,9.47090745757142e-21,1,2.97090225904451e-06,1,1,8.49296009947947e-07,0,1,9.29845536432511e-42,0.0010303612355403,1,1,1,1,1,1,0.000343548165452797,0.000343548165452797,1,1.55283609088605e-40,1,0.000343548165452797,1,1,4.24725827883613e-07,1,1,1,1,1,1,1,1,1.41601220942367e-07,1,1,0.000343548165452797,1,1.41601220942367e-07,1,1,0.000343548165452797,1.41601220942367e-07,1,0.000343548165452797,1,1,1,1,0.000343548165452797,1,1,1,1,1,1.41601220942367e-07,1,1,1,1,1,1,1,0.000343548165452797,1,1,1,1,1,1,1,1,1,1,1,6.80775081410039e-11,1,0.000343548165452797,1,1,1,1,1,1,1,1,1,1,0.000343548165452797,1,0.000343548165452797,1,1,1,1,1,1,1,1,1,1,1,1,1,1,1,1,1,1,1,1,1,1,1,1,1,4.24725827883613e-07,1,1,0.000687001904143975,1,1,1,1,1,0.000343548165452797,1,1,1,1,3.73975166035456e-14,1,1,1,1,1,1,1,1,1,1,1,1,1,1,1,1,1,1,1,1,1,1,1,1,1,1,1,1,1,1,1,1,1,1,1,1,1,1,1,1
"Aphrocallistes_vastus_HiC-scaffold_023",2.17410523299055e-08,0.00466455512009507,1,1,1,1,6.89288233632378e-31,5.7481308872659e-16,1,1,3.8889406646512e-10,1,1,1,1,1,1.98105526245649e-06,0.00192268022185519,1,0.000824345636702507,1,0.00137362617910585,1,5.66249221905059e-07,1,3.89014332234308e-11,1,1,1,1,3.89014332234308e-11,4.35367358208737e-24,1,0,1,0.000274838532362237,1,1,0.000549620408667505,1,1,1,1,1,1,1,1,1,0.000274838532362237,0.000274838532362237,3.89014332234308e-11,1,3.89014332234308e-11,1,0.000274838532362237,3.89014332234308e-11,1,1,1,1,0.000274838532362237,9.44008139615785e-08,1,1,9.44008139615785e-08,1,1,1,1,9.44008139615785e-08,1,1,0.000274838532362237,1,0.000274838532362237,1,1,1,1,1,1,1,1,0.000274838532362237,1,0.000274838532362237,0.000274838532362237,1,1,1,1,1,1,1,1,1,1,1,1,1,1,1,1,1,1,1,1,1,1,1,1,1,1,0.00247150782722491,1,1,3.92285569987135e-12,0.00137362617910585,0.000914064940631047,1,1,1,1,1,1,1,1,0.000274838532362237,1,1,1,1,1,1,1,0.000274838532362237,1,1,1,1,1,1,1,1,1,1,0.000274838532362237,1,1,1,1,1,1,1,1,0.00109901422425341,1,1,1,1,1,1,1,1,1,1,1,1,1,1,1,1,1,1,1,1,1,1,1,1,1,1,1,1,1
"Aphrocallistes_vastus_HiC-scaffold_024",5.94017048988269e-06,1,1.2361803303037e-30,8.65329696870638e-06,1,1,0.000824345636702505,1,1,1,3.39780663911404e-07,1,0.00329466411506717,0.0016482381183897,0.00123634851413631,5.14861966453406e-06,1.00917806105989e-12,1.58506203550338e-06,0.000206128899271678,3.39780663911404e-07,1,0.0010303612355403,0.000824345636702505,0.000618301715676255,1,1,5.66404883769468e-08,1,1,1,1.94507166117154e-11,1,0.000206128899271678,1,0.000206128899271678,1,5.66404883769468e-08,1,1,1,1,5.66404883769468e-08,5.66404883769468e-08,1,1,1,1,5.66404883769468e-08,1,1,5.66404883769468e-08,1,1,5.66404883769468e-08,1,5.66404883769468e-08,1,1,8.01375355790261e-15,1,0.000206128899271678,8.01375355790261e-15,1,1,0.000206128899271678,1,1.94507166117154e-11,1,1,0.000206128899271678,1,0.000206128899271678,1,1,1.94507166117154e-11,1,1,1,1,1,1,1,1,1,1,0.000206128899271678,0.000206128899271678,1,1,1,1,1,1,1,1,1,1,1,1,1,1,0.000206128899271678,8.01375355790261e-15,0.000412229470514871,1,1,1,1,1,1,1,1,0.00123634851413631,1,1,0.000412229470514871,1,1,1,1,1,1,1,1,0.00144230747443722,0.000618301715676255,1,1,1,1,1,1,1,1,1,1,1,1,1,1,1,1,1,0.000206128899271678,1,1,1,1,1,1,1,1,1,1,1,0.000824345636702505,1,1,1,1,1,1,1,1,1,1,1,1,1,1,1,1,1,1,1,1,1,1,1,1,1,1,1,1,1
"Aphrocallistes_vastus_HiC-scaffold_025",1.88475168124787e-15,0.00814952434099388,0.00671552387064086,1,1,7.99798716933033e-11,5.85580644538825e-18,1,0.0420372654586366,1,0.00144230747443722,1,1,1,1,1,5.54314396667226e-06,1,1,1,6.56754312917781e-05,7.84312385302592e-12,1,0.00144230747443722,1.36989838713884e-08,1,0.000480967431633915,1,1,1,0.000480967431633915,1,0.000480967431633915,1,1,0.000480967431633915,1,1.12192549810636e-13,1,0.000480967431633915,1,0.000480967431633915,1,2.64322279092419e-07,1,0.000480967431633915,1,2.64322279092419e-07,1,1,0.000480967431633915,1,0.000480967431633915,1,1,0.000480967431633915,0.000480967431633915,1,0.000480967431633915,1,1,2.64322279092419e-07,1,1,1,1,1,1,1,0.000480967431633915,0.000480967431633915,9.71214610827003e-38,1.12192549810636e-13,1,1,1,0.000480967431633915,1,1,1,1,1,1,1,1,0.000480967431633915,1,1,1,0.000480967431633915,1,1,1,1,1,0.000961736567068434,1,1,1.12192549810636e-13,1,2.64322279092419e-07,1,1,1,1,1,0.000480967431633915,1,1,1,1,1,0.0028828315092048,1,1,7.92748899435487e-07,1,1,0.0654362281589149,1,1,1,1,1,1,1,1,1,1,1,1,1,1,7.92748899435487e-07,1,1,1,0.000480967431633915,1,1.12192549810636e-13,0.000480967431633915,1,1,1,1.12192549810636e-13,1,0.000480967431633915,1,1,1,1,1,1,1,1,0.00192268022185519,1,1,1,1,1,1,1,1,1,1,1,1,1,2.64322279092419e-07,1,1,1,0.000480967431633915,0.000480967431633915,1,1,1,1,1,1,1,1,1,1
"Aphrocallistes_vastus_HiC-scaffold_026",1,0.00116806376253951,9.91208546596573e-07,0.00116806376253951,0.000755805963996152,5.19204476788681e-07,1,0.000274838532362237,1,1,0.000206128899271678,1,1.28385106987747e-06,1,0.000412257798543356,0.000893225230177271,1,1.63386019538409e-10,1,0.000206128899271678,1,1,1.86987583017726e-14,1,0.000480967431633915,1,5.23170981915e-42,1,1,1,1,1,9.44008139615781e-09,1,1,1,9.44008139615781e-09,5.34250237193507e-16,1,1,1,6.87096330905593e-05,1,1,1,1,1,1,1,1,6.87096330905593e-05,1,1,1,1,6.87096330905593e-05,1,1,1,1,6.87096330905593e-05,1,1,1,1,6.87096330905593e-05,1,1,1,1,1,1,1,1,1,1,1,1,1,1,1,1,1,1,1,6.87096330905593e-05,1,6.87096330905593e-05,1,1,1,1,1,1,1,1,6.87096330905593e-05,1,1,1,1,6.87096330905593e-05,1,1,1,1,1,1,1,1,1,0.000412257798543356,1,1,1,1,1,0.000343548165452796,1,1,1,1,1,1,1,1,1,6.87096330905593e-05,1,1,1,1,1,1,1,1,1,6.87096330905593e-05,1,1,1,1,1,1,1,1,1,1,1,1,1,1,1,1,1,1,1,1,1,1,1,1,1,1,1,1,1,1,1,1,1,1,1,1,6.87096330905593e-05,6.87096330905593e-05,1,1,1,1,1,1,1,1,1
"Aphrocallistes_vastus_HiC-scaffold_027",1,1,0.000961934863267831,2.58844239920254e-12,0.000755805963996152,1,1,0.000274838532362237,1,1,5.6640488376947e-08,1,1.58717847551597e-09,1,1,0.000893225230177271,1,1,1,0.000206128899271678,0.0242545004809674,1,6.34417439977147e-21,0.000206128899271678,0.000480967431633915,6.87096330905593e-05,1,1,1,1,1,1,6.87096330905593e-05,1,6.87096330905593e-05,6.87096330905593e-05,6.87096330905593e-05,1,1,1,1,6.87096330905593e-05,1,1,1,1,6.87096330905593e-05,1,1,6.87096330905593e-05,1,1,1,1,1,6.87096330905593e-05,1,1,1,1,9.44008139615781e-09,1,1,1,1,1,6.87096330905593e-05,1,1,1,1,1,1,1,1,1,1,1,9.44008139615781e-09,1,6.87096330905593e-05,1,1,1,1,1,6.87096330905593e-05,1,1,1,1,6.87096330905593e-05,1,1,1,0.000137419266181119,1,1,1,1,1,6.87096330905593e-05,1,1,1,1,1,6.87096330905593e-05,1,1,1,1,1,1,1,1,0.000480967431633915,1,1,1,1,1,1,0.000412257798543356,1,1,1,1,0.000137419266181119,1,1,1,1,1,1,1,1,1,1,1,1,1,1,1,1,1,1,1,1,1,1,1,1,1,1,9.44008139615785e-08,1,1,1,1,1,1,1,1,1,1,1,1,1,1,1,1,1,1,6.87096330905593e-05,9.44008139615781e-09,1,1,1,1,1,1,1,1,1
"Aphrocallistes_vastus_HiC-scaffold_028",1,1,1,1,1,1,1,1,1,1,1,1,1,0.000549677064724474,1,1,1,1,1.94507166117155e-12,1,1,1,1,1,1,1,1,1,1,1,1,1,1,1,1,1,1,1,1,1,1,1,1,1,1,1,1,1,1,1,1,1,1,1,1,1.94507166117155e-12,1,1,1,1,1,1,1,1,1,1,1,1,1,1,1,1,1,1,1,1,1,1,1,1,1,1,1,1,1,1,1,1,1,1,1,9.44008139615781e-09,1,1,1,1,1,1,5.34250237193507e-16,1,1,1,1,1,1,1,1,1,1,1,1,1,1,1,1,1,1,1,1,1,1,1,1,1,1,1,1,1,1,1,1,1,1,1,1,1,1,1,1,1,9.44008139615781e-09,1,1,1,1,1,1,1,1,1,1,1,1,1,1,1,1,1,1,1,1,1,1,1,1,1,1,1,1,1,1,1,1,1,1,1,1,1,1,1,1,1,1,1,1
"Aphrocallistes_vastus_HiC-scaffold_029",1,1,0.000961934863267831,1,1,0.000687096330905592,1,1,1,1,1,1,1,1,1,1,1,1,1.94507166117155e-12,1,1,1,0.000274838532362237,1,1,1,1,1,1,1,5.34250237193507e-16,1,1,1,1,1,1,1,1,1,1,1,1,1,6.87096330905593e-05,1,1,6.87096330905593e-05,6.87096330905593e-05,1,1,1,1,1,1,1,1,1,1,1,1,1,1,1,1,1,1,1,1,1,1,1,1,1,1,1,1,1,1,1,1,1,1,1,1,1,1,1,1,1,1,1,1,1,1,1,1,1,1,1,1,1,1,1,6.87096330905593e-05,1,1,1,1,1,1,1,1.98241709319315e-07,1,1,1,1,1,0.00961934863267832,1,1,1,1,1,1,1,1,1,1,1,1,1,1,1,1,1,1,1,1,1,1,1,1,1,1,1,6.87096330905593e-05,1,1,1,1,1,1,1,1,1,1,1,1,1,1,1,1,1,1,1,1,1,1,1,1,1,1,1,1,1,1,1,1,1,1,1,1,1,1
"Aphrocallistes_vastus_HiC-scaffold_030",1,1,1,1,1,1,1,1,1,1,1,1,1,1,1,1,1,1,1,1,1,1,1,1,1,1,1,1,1,1,1,1,1,1,1,1,1,1,1,1,1,1,1,1,1,6.87096330905593e-05,1,1,1,1,1,1,1,1,1,9.44008139615781e-09,1,1,1,1,1,1,1,1,1,1,1,1,1,1,1,1,1,1,1,1,1,1,1,1,1,1,1,1,1,1,1,1,1,1,1,1,1,1,1,1,1,1,9.44008139615781e-09,1,1,1,1,1,1,1,1,1,1,1,1,1,1,1,1,1,1,1,1,1,1,1,1,1,1,1,1,1,1,1,1,1,1,1,1,1,1,1,1,1,1,1,1,1,1,1,1,1,1,1,1,1,1,1,1,1,1,1,1,1,1,1,1,1,1,1,1,1,1,1,1,1,1,1,1,1,1,1,1,1,1,1,1,1,1
"Aphrocallistes_vastus_HiC-scaffold_031",1,1,1,1,1,1,1,1,1,1,1,1,1,1,1,1,1,1,1,1,3.51552184056471e-07,1,9.44008139615785e-08,1,1,1,1,1,1,1,1,1,1,1,1,1,1,1,1,1,1,1,1,1,1,1,1,1,1,1,1,1,1,1,1,1,1,1,1,1,1,1,1,1,1,1,1,1,1,1,1,1,1,1,1,1,1,1,1,1,1,1,1,1,1,1,6.87096330905593e-05,1,1,6.87096330905593e-05,1,1,1,1,1,1,1,1,1,1,1,1,1,1,1,1,1,1,1,1,1,1,1,1,1,1,1,1,1,1,1,1,1,1,1,1,1,1,1,1,1,1,1,1,1,1,1,1,1,1,1,1,1,1,1,1,1,1,1,1,1,1,1,1,1,1,1,1,1,1,1,1,1,1,1,1,1,1,1,1,1,1,1,1,1,1,1,1,1,1,1,1,1,1,1
"Aphrocallistes_vastus_HiC-scaffold_032",1,1,1,1,1,1,1,1,1,1,1,1,1,1,3.48929591987429e-20,1,1,1,1,1,1,1,1,1,1,1,6.87096330905593e-05,1,1,1,1,1,1,1,1,1,1,1,1,1,1,1,1,1,1,1,1,1,1,1,1,1,1,1,6.87096330905593e-05,1,1,1,1,1,1,1,1,1,1,1,1,1,1,1,1,1,1,1,1,1,1,1,1,1,1,1,1,1,1,1,1,1,1,1,1,1,1,1,1,1,1,1,1,1,1,1,1,1,1,1,1,1,1,1,1,1,1,1,1,1,1,1,1,1.08924013025606e-10,1,1,1,1,1,1,1,1,1,1,1,7.55258857115642e-23,1,1,1,1,1,1,1,1,1,1,1,1,1,1,1,1,1,1,1,1,1,1,1,1,1,1,1,1,1,1,1,1,1,1,1,1,1,1,1,1,1,1,1,1,1,1,1,1,1,1,1,1,1
"Aphrocallistes_vastus_HiC-scaffold_033",1,1,0.000961934863267831,1,1,1,1,1,1,1,1,1,1,1,1,1,1,1,1,1,1,1,1,1,1,1,1,1,1,1,1,1,1,1,1,1,1,1,1,1,1,6.87096330905593e-05,1,1,1,1,1,1,1,1,1,1,1,1,1,1,1,6.87096330905593e-05,1,1,1,1,1,1,1,1,1,1,1,1,1,1,1,1,1,1,1,1,1,6.87096330905593e-05,1,1,1,1,1,1,1,9.44008139615781e-09,1,1,1,1,1,1,1,1,1,1,1,1,1,1,1,1,1,1,1,1,1,1,1,1,1,1,1,1,1,1,1,1,1,1,1,1,1,1,1,1,1,1,1,1,1,1,1,1,1,1,1,1,1,1,1,1,1,1,1,1,1,1,1,1,1,1,1,1,1,1,1,1,1,1,1,1,1,1,1,1,1,1,1,1,1,1,1,1,1,1,1,1,1,1,1,1,1
"Aphrocallistes_vastus_HiC-scaffold_034",0.00192301044300495,1,1,1,1,0.00137376774138391,1,1,1,1,1,1,1,1,1,1,1,1,1,1,1,1,1,1,1,1,1,1,1,1,1,1,1,1,1,1,1,1,1,1,1,0.000137419266181119,1,1,1,1,1,1,1,1,0.000137419266181119,1,1,1,1,1,1,1,1,1,1,1,1,1,1,1,1,1,1,1,1,0.000137419266181119,1,1,1,1,1,1,1,1,1,1,1,1,1,1,1,1,1,1,1,1,1,1,1,1,1,1,1,1,1,1,1,1,1,1,1,1,1,1,1,1,1,1,1,1,1,1,1,1,1,1,1,1,1,1,1,1,1,1,1,1,1,1,1,1,1,1,1,1,1,1,1,1,1,1,1,1,1,1,1,1,1,1,1,1,1,1,1,1,1,1,1,1,1,1,1,1,1,1,1,1,1,1,1,1,1,1,1,1,1,1,1,1,1
"Aphrocallistes_vastus_HiC-scaffold_035",1,1,1,1,1,1,1,1,1,1,1,1,1,1,1,1,1,1,1,1,1,1,1,1,1,1,1,6.87096330905593e-05,1,1,1,1,1,1,1,1,1,1,1,1,1,1,1,1,1,1,1,1,6.87096330905593e-05,1,1,1,1,1,1,1,1,1,1,1,1,1,1,1,1,1,1,1,1,9.44008139615781e-09,1,5.34250237193507e-16,1,1,1,1,1,1,1,1,1,1,1,1,1,1,1,1,1,1,1,1,1,1,1,1,1,1,1,1,1,1,1,1,1,1,1,1,1,1,1,1,1,1,1,1,1,1,1,1,1,1,1,1,1,1,1,1,1,1,1,1,1,1.79224937216176e-28,1,1,1,1,1,1,1,1,1,6.87096330905593e-05,1,1,1,1,1,1,1,1,1,1,1,1,1,1,1,1,1,1,1,1,1,1,1,1,1,1,1,1,1,1,1,1,1,1,1,1,1,1,1,1,1
"Aphrocallistes_vastus_HiC-scaffold_036",1,1,1,1,1,1,1,1,1,1,1,1,1,1,1,1,1,1,6.87096330905593e-05,1,1,1,1,1,1,1,1,1,1,1,1,1,1,1,1,1,1,1,1,1,1,1,1,1,1,1,1,1,1,1,1,1,1,1,1,1,1,1,1,1,1,1,1,1,1,1,1,1,1,1,1,1,1,1,1,1,1,1,1,1,1,1,1,1,1,1,1,1,1,1,1,1,1,1,1,1,1,1,1,1,1,1,1,1,1,1,1,1,1,1,1,1,1,1,1,1,1,1,1,1,1,1,1,1,1,1,1,1,1,1,1,1,1,1,1,1,1,1,1,1,1,1,1,1,1,1,1,1,1,1,1,1,1,1,1,1,1,1,1,1,1,1,1,1,1,1,1,1,1,1,6.87096330905593e-05,1,1,1,1,1,1,1,1,1,1,1,1,1,1
"Aphrocallistes_vastus_HiC-scaffold_037",1,1,1,1,1,1,1,1,1,1,1,1,1,1,1.98241709319315e-07,1,1,1,1,1,1,1,1,1,1,1,6.87096330905593e-05,1,1,1,1,1,1,1,1,1,1,1,1,1,1,1,1,1,1,1,1,1,1,1,1,1,1,1,1,1,1,1,1,1,1,1,1,1,1,1,1,1,1,1,1,1,1,1,1,1,1,1,1,1,1,1,1,1,1,1,1,1,1,1,1,1,1,1,1,1,1,1,1,1,1,1,1,1,1,1,1,1,1,1,1,1,1,1,1,1,1,1,1,1,1,1,1,1,1,1,1,1,1,1,1,1,0.000137419266181119,1,1,1,1,1,1,1,1,1,1,1,1,1,1,1,1,1,1,1,1,1,1,1,1,1,1,1,1,1,1,1,1,1,1,1,1,1,1,1,1,1,1,1,1,1,1,1,1,1,1,1,1
"Aphrocallistes_vastus_HiC-scaffold_038",1,1,1,1,1,1,1,1,1,1,1,1,1,1,1,1,1,1,1,1,1,1,1,1,0.000480967431633915,1,1,1,1,1,1,1,1,1,1,1,1,6.87096330905593e-05,1,1,1,1,1,1,1,1,1,1,1,1,1,1,1,1,1,1,1,1,1,1,1,1,1,1,1,1,1,1,1,1,1,1,1,1,1,1,1,1,1,1,1,1,1,1,1,1,1,1,1,1,1,1,1,1,1,1,1,1,1,1,1,1,1,1,1,1,1,1,1,1,1,1,1,1,1,1,1,1,1,1,1,1,1,1,1,1,1,1,1,1,1,1,1,1,1,1,1,1,1,1,1,1,1,1,1,1,1,1,1,1,1,1,1,1,1,1,1,1,1,1,1,1,1,1,1,1,1,1,1,1,1,1,1,1,1,1,1,1,1,1,1,1,1,1,1
"Aphrocallistes_vastus_HiC-scaffold_039",0.00192301044300495,1,1,1,1,1,1,1,1,1,1,1,1,1,1,1,0.000824373956944287,1,1,1,1,1,1,1,1,1,1,1,1,1,1,1,1,1,1,1,1,1,1,1,1,1,1,1,1,1,1,1,1,1,1,1,1,1,1,1,1,1,1,1,1,1,1,1,1,0.000137419266181119,0.000137419266181119,1,1,1,1,1,1,1,1,1,1,1,1,1,1,1,1,1,1,1,1,1,1,1,1,0.000137419266181119,1,1,1,1,1,1,1,1,1,1,1,1,1,1,1,1,1,1,1,1,1,1,1,1,1,1,1,1,1,1,1,1,1,1,1,1,1,1,1,1,1,1,1,1,1,1,0.000137419266181119,1,1,1,1,1,1,1,1,1,1,1,1,1,1,1,1,1,1,1,1,1,1,1,1,1,1,1,1,1,1,1,1,1,1,1,1,1,1,1,1,1,1,1,1,1,1
"Aphrocallistes_vastus_HiC-scaffold_040",1,1,1,1,1,1,1,1,1,1,1,1,1,1,1,1,1,1,1,1,1,1,0.000274838532362237,1,1,1,1,1,1,1,1,1,1,1,1,1,1,1,1,1,1,1,1,1,1,1,1,1,1,1,1,1,1,1,1,1,1,1,1,1,1,1,1,1,1,1,1,1,1,1,1,1,1,1,1,1,1,1,1,1,1,1,6.87096330905593e-05,1,1,1,1,1,1,1,1,1,1,1,1,1,1,1,1,1,1,1,1,1,1,1,1,1,1,1,1,1,1,1,1,1,1,1,1,1,1,1,1,1,1,1,1,1,1,1,1,1,1,1,1,1,1,6.87096330905593e-05,1,1,1,1,1,1,1,1,1,1,1,1,1,1,1,1,1,1,1,1,1,1,1,1,1,1,1,1,1,1,1,1,1,1,1,1,1,1,1,1,1,1,1,1,1,1,1
"Aphrocallistes_vastus_HiC-scaffold_041",1,1,1,1,1,1,1,1,1,1,0.000206128899271678,1,1,1,1,1,1,0.000480967431633915,1,1,1,1,1,1,1,1,1,1,1,1,1,1,1,1,1,1,1,1,1,1,1,1,1,1,1,1,1,1,1,1,1,1,1,1,1,1,1,1,1,1,1,1,1,1,1,1,1,1,1,1,1,1,1,1,1,1,1,1,1,1,1,1,1,1,1,1,1,1,1,1,1,1,1,1,1,1,1,1,1,1,1,1,1,1,1,1,1,1,1,1,0.000480967431633915,1,1,1,1,1,1,1,1,1,1,1,1,1,1,1,1,1,1,1,1,1,1,1,1,1,1,1,1,1,1,1,1,1,1,1,1,1,1,1,1,1,1,1,1,0.000274838532362237,1,1,1,1,1,1,1,1,1,1,1,1,1,1,1,1,1,1,1,1,1,1,1,1,1,1,1,1,1
"Aphrocallistes_vastus_HiC-scaffold_042",1,1,1,1,1,1,1,1,1,1,1,1,0.00109935412944895,1,1,1,1,1,1,1,1,1,0.000274838532362237,1,1,1,1,1,1,1,1,1,1,1,1,1,1,1,1,1,1,1,1,1,1,1,1,1,1,1,1,1,1,1,1,1,1,1,1,1,1,1,1,1,1,1,1,1,1,1,1,1,1,1,1,1,1,1,1,1,1,1,1,1,1,1,1,1,1,1,1,1,1,1,1,1,1,1,1,1,1,1,1,1,1,1,1,1,1,1,1,1,1,1,1,1,1,1,1,1,1,1,1,1,1,1,1,1,1,1,1,1,1,1,1,1,1,6.87096330905593e-05,1,1,1,1,1,1,1,1,1,1,1,1,6.87096330905593e-05,1,1,1,1,1,1,1,1,1,1,1,1,1,1,1,1,1,1,1,1,1,1,1,1,1,1,1,1,1,1,1,1,1,1
"Aphrocallistes_vastus_HiC-scaffold_043",1,1,1,1,1,1,1,1,1,1,1,1,1,1,1,1,1,1,1,1,1,1,1,1,1,1,1,1,1,1,1,1,1,1,1,1,1,1,1,1,1,1,1,1,1,1,1,1,1,1,1,1,1,1,1,1,1,1,6.87096330905593e-05,1,1,1,1,1,1,1,1,1,1,1,1,1,1,1,1,1,1,1,1,1,1,1,1,1,1,1,1,1,1,1,1,1,1,1,1,1,1,1,1,1,1,1,1,1,1,1,1,1,1,1,1,1,1,1,1,1,1,1,1,1,1,1,1,1,1,1,1,1,1,1,1,1,1,1,1,1,1,1,1,1,1,1,1,1,6.87096330905593e-05,1,1,1,1,1,1,1,1,1,1,1,1,1,1,1,1,1,1,1,1,1,1,1,1,1,1,1,1,1,1,1,1,1,1,1,1,1,1,1,1
"Aphrocallistes_vastus_HiC-scaffold_044",1,1,1,1,1,1,1,1,1,1,1,1,1,1,1,1,1,1,1,1,1,1,1,1,1,1,1,1,1,1,1,1,1,1,1,1,1,1,1,1,1,1,6.87096330905593e-05,1,1,1,1,1,1,1,1,1,1,1,1,1,1,1,1,1,1,1,1,1,1,1,1,1,1,1,1,1,1,1,1,1,1,1,1,1,1,1,1,1,1,1,1,1,1,1,1,1,1,1,1,1,1,1,1,1,1,1,1,1,1,1,1,1,1,1,1,1,1,1,1,1,1,1,0.00961934863267832,1,1,1,1,1,1,1,1,1,1,1,1,1,1,1,1,1,1,1,1,1,1,1,1,1,1,1,1,1,1,1,1,1,1,1,1,1,1,1,1,1,1,1,1,1,1,1,1,1,1,1,1,1,1,1,1,1,1,1,1,1,1,1,1,1,1
"Aphrocallistes_vastus_HiC-scaffold_045",1,1,1,1,1,1,1,1,1,1,1,1,1,1,1,1,1,1,1,1,1,1,1,1,1,1,1,6.35958321243772e-39,1,1,1,1,1,1,1,1,1,1,1,1,1,1,1,1,1,1,1,1,1,1,1,1,1,1,1,1,1,1,1,1,1,1,1,1,1,1,1,1,1,1,1,1,1,1,1,1,1,1,1,1,1,1,1,1,1,1,1,1,1,1,1,1,1,1,1,1,1,1,1,1,1,1,1,1,1,1,1,1,1,1,1,1,1,1,1,1,1,1,1,1,1,1,1,1,1,1,1,1,1,1,1,1,1,1,1,1,1,1,1,1,1,1,1,1,1,1,1,1,1,1,1,1,1,1,1,1,1,1,1,1,1,1,1,1,1,1,1,1,1,1,1,1,1,1,1,1,1,1,1,1,1,1,1,1,1
"Aphrocallistes_vastus_HiC-scaffold_046",1,1,1,1,1,1,1,1,1,1,1,1,1,1,1,1,2.87342456417771e-23,1,1,1,1,1,1,1,1,1,1,1,1,1,1,1,1,1,1,1,1,1,1,1,1,1,1,1,1,1,1,1,1,1,1,1,1,1,1,1,1,1,1,1,1,1,1,1,1,1,1,1,1,1,1,1,1,1,1,1,1,1,1,1,1,1,1,1,1,1,1,1,1,1,1,1,1,1,1,1,1,1,1,1,1,1,1,1,1,1,1,1,1,1,1,1,1,1,1,1,1,1,1,1,1,1,1,1,1,1,1,1,1,1,1,1,1,1,1,1,1,1,1,1,1,1,1,1,1,1,1,1,1,1,1,1,1,1,1,1,1,1,1,1,1,1,1,1,1,1,1,1,1,1,1,1,1,1,1,1,1,1,1,1,1,1,1,1,1
"Aphrocallistes_vastus_HiC-scaffold_047",1,1,1,1,1,1,1,1,1,1,1,1,1,1,1,1,1,1,1,1,1,1,1,1,1,1,1,1,1,1,1,1,1,1,1,1,1,1,1,1,1,1,1,1,1,1,1,1,1,1,1,1,1,1,1,6.87096330905593e-05,1,1,1,1,1,1,1,1,1,1,1,1,1,1,1,1,1,1,1,1,1,1,1,1,1,1,1,1,1,1,1,1,1,1,1,1,1,1,1,1,1,1,1,1,1,1,1,1,1,1,1,1,1,1,1,1,1,1,1,1,1,1,1,1,1,1,1,1,1,1,1,1,1,1,1,1,1,1,1,1,1,1,1,1,1,1,1,1,1,1,1,1,1,1,1,1,1,1,1,1,1,1,1,1,1,1,1,1,1,1,1,1,1,1,1,1,1,1,1,1,1,1,1,1,1,1,1,1,1
"Aphrocallistes_vastus_HiC-scaffold_048",1,1.88477443967521e-09,1,1,1,0.000687096330905592,1,1,1,0.00116806376253951,5.6640488376947e-08,1,1,1,1,1,1,1,1,1,1,1,1,1,1,1,1,1,1,1,1,1,1,1,1,1,1,1,0.000137419266181119,1,1,1,1,1,1,1,1,1,1,1,1,1,1,1,1,1,1,1,1,1,1,1,1,1,1,1,1,1,1,1,1,1,1,1,1,1,1,1,1,1,1,1,1,1,1,1,1,1,1,1,1,1,1,1,1,1,1,1,1,1,1,1,6.87096330905593e-05,1,9.44008139615781e-09,1,1,1,1,1,1,1,1,1,1,1,1,1,1,1,1,1,1,1,1,1,1,1,1,1,1,1,1,1,1,1,1,1,1,1,1,1,1,1,1,1,1,1,1,1,1,1,1,1,1,1,1,1,1,1,1,1,1,1,1,1,1,1,1,1,1,1,1,1,1,1,1,1,1,1,1,1,1,1,1
"Aphrocallistes_vastus_HiC-scaffold_049",1,1,1,1,1,1,1,1,1,1,1,1,1,1,1.98241709319315e-07,1,1,1,1,1,3.51552184056471e-07,1,1,1,1,1,1,1,1,1,1,1,1,1,1,1,1,1,1,1,1,1,1,1,1,1,1,1,1,1,1,1,1,1,1,1,1,1,1,1,1,1,1,1,1,1,1,1,1,1,1,1,1,1,1,1,1,1,1,1,1,1,1,1,1,1,1,1,1,1,1,1,1,1,1,1,1,1,1,1,1,1,1,1,1,1,1,1,1,1,1,1,1,1,1,1,1,1,1,1,1,1,1,1,1,1,1,1,1,1,1,1,1,1,1,1,1,1,1,1,1,1,1,1,1,1,1,1,1,1,1,1,1,1,1,1,1,1,1,1,1,1,1,1,1,1,1,1,1,1,1,1,1,1,1,1,1,1,1,1,1,1,1,1,1
"Aphrocallistes_vastus_HiC-scaffold_050",1,1,1,1,1,1,1,1,1,1,0.000206128899271678,1,1,1,1,1,1,1,1,1,1,1,1,1,1,1,1,1,1,1,1,1,1,1,1,1,1,1,1,1,1,1,1,1,1,1,1,1,1,1,1,1,1,1,1,9.44008139615781e-09,1,1,1,1,1,1,1,1,1,1,1,1,1,1,1,1,1,1,1,1,1,1,1,1,1,1,1,1,1,1,1,1,1,1,1,1,1,1,1,1,6.87096330905593e-05,1,6.87096330905593e-05,1,1,1,1,1,1,1,1,1,1,1,1,1,1,1,1,1,1,1,1,1,1,1,1,1,1,1,1,1,1,1,1,1,1,1,1,1,1,1,1,1,1,1,1,1,1,1,1,1,1,1,1,1,1,1,1,1,1,1,1,1,1,1,1,1,1,1,1,1,1,1,1,1,1,1,1,1,1,1,1,1,1,1,1,1,1
"Aphrocallistes_vastus_HiC-scaffold_051",1,1,1,0.00116806376253951,1,1,1,1,1,1,0.000206128899271678,1,1,1,1,1,1,1,1,1,1,1,1,1,1,1,1,1,1,1,1,1,1,1,1,1,1,6.87096330905593e-05,1,1,1,1,1,1,1,1,1,1,1,1,1,1,1,1,1,1,1,1,1,1,1,1,1,1,1,1,1,1,1,1,1,1,1,1,1,1,1,1,1,1,1,1,1,1,1,1,1,1,1,1,1,1,1,1,1,1,1,1,1,1,1,1,1,1,1,1,1,6.87096330905593e-05,1,1,1,1,1,1,1,1,1,1,1,1,1,1,1,1,1,1,1,1,1,1,1,1,1,1,1,1,1,1,1,1,1,1,1,1,1,1,1,1,1,1,1,1,1,1,1,1,1,1,1,1,1,1,1,1,1,1,1,1,1,1,1,1,1,1,1,1,1,1,1,1,1,1,1,1,1
"Aphrocallistes_vastus_HiC-scaffold_052",1,1,1,1,1,1,1,1,1,1,1,1,1,1,1,1,1,1,1,1,1,1,1,1,1,1,1,1,1,1,1,1,1,1,1,7.55258857115642e-23,1,1,1,1,1,1,1,1,1,1,1,1,1,1,1,1,1,1,1,1,1,1,1,1,1,1,1,1,1,1,1,1,1,1,1,1,1,1,1,1,1,1,1,1,1,1,1,1,1,1,1,1,1,1,1,1,1,1,1,1,1,1,1,1,1,1,1,1,1,1,1,1,1,1,1,1,1,1,1,1,1,1,1,1,1,1,1,1,1,1,1,1,1,1,1,1,1,1,1,1,1,1,1,1,1,1,1,1,1,1,1,1,1,1,1,1,1,1,1,1,1,1,1,1,1,1,1,1,1,1,1,1,1,1,1,1,1,1,1,1,1,1,1,1,1,1,1,1,1
"Aphrocallistes_vastus_HiC-scaffold_053",1,1,1,0.00116806376253951,1,1,1,1,1,1,1,1,1,1,1,1,1,1,1,1,1,1,0.000274838532362237,1,1,1,1,1,1,1,1,1,1,1,1,1,1,1,1,1,1,1,1,1,1,1,1,1,1,1,1,1,1,1,1,1,1,1,1,1,1,1,1,1,1,1,1,1,1,1,1,1,1,1,1,1,1,1,1,1,1,1,1,1,1,1,1,1,1,1,1,1,1,1,1,1,1,1,1,1,1,1,1,1,1,1,1,1,1,1,1,1,1,1,1,1,1,1,1,1,1,1,1,1,1,1,1,1,1,1,1,1,1,1,1,1,1,1,1,1,1,1,1,1,1,6.87096330905593e-05,1,1,1,1,1,1,1,1,1,1,1,1,1,1,1,1,1,1,1,1,1,1,1,1,1,1,1,1,1,1,1,1,1,1,1,1,1,1,1
"Aphrocallistes_vastus_HiC-scaffold_054",1,1,1,1,1,1,1,0.000274838532362237,1,1,1,1,1,1,1,1,1,1,1,1,1,1,1,1,1,1,1,1,1,1,1,1,1,1,6.87096330905593e-05,1,1,1,1,1,1,1,1,1,1,1,1,1,1,1,1,1,1,1,1,1,1,1,1,1,1,1,1,1,1,1,1,1,1,1,1,1,1,1,1,1,1,1,1,1,1,1,1,1,1,1,1,1,1,1,1,1,1,1,1,1,1,1,1,1,1,1,1,1,1,1,1,1,1,1,1,1,1,1,1,1,1,1,1,1,1,1,1,1,1,1,1,1,1,1,1,1,1,1,1,1,1,1,1,1,1,1,1,1,1,1,1,1,1,1,1,1,1,1,1,1,1,1,1,1,1,1,1,1,1,1,1,1,1,1,1,1,1,1,1,1,1,1,1,1,1,1,1,1,1
"Aphrocallistes_vastus_HiC-scaffold_055",1,1,1,1,1,1,1,1,1,1,1,1,1,1,1,1,1,1,1,1,1,1,1,1,1,1,1,1,1,1,1,1,1,1,1,1,1,1,1,1,1,1,1,1,1,1,1,1,1,1,1,1,1,1,1,1,1,1,1,1,1,6.87096330905593e-05,1,1,1,1,1,1,1,1,1,1,1,1,1,1,1,1,6.87096330905593e-05,1,6.87096330905593e-05,1,1,1,1,1,1,1,1,1,1,1,1,1,1,1,1,1,1,1,1,1,1,1,1,1,1,1,1,1,1,1,1,1,1,1,1,1,1,1,1,1,1,1,1,1,1,1,1,1,1,1,1,1,1,1,1,1,1,1,1,1,1,1,1,1,1,1,1,1,1,1,1,1,1,1,1,1,1,1,1,1,1,1,1,1,1,1,1,1,1,1,1,1,1,1,1,1,1,1,1,1,1,1,1
"Aphrocallistes_vastus_HiC-scaffold_056",1,1,1,1,1,1,1,1,1,1,0.000206128899271678,1,1,1,1,1,1,1,1,1,1,1,1,1,1,1,1,1,1,1,1,1,1,1,1,1,1,6.87096330905593e-05,1,1,1,1,1,1,1,1,1,1,1,1,1,1,1,6.87096330905593e-05,1,1,1,1,1,1,1,6.87096330905593e-05,1,1,1,1,1,1,1,1,1,1,1,1,1,1,1,1,1,1,1,1,1,1,1,1,1,1,1,1,1,1,1,1,1,1,1,1,1,1,1,1,1,1,1,1,1,1,1,1,1,1,1,1,0.000549677064724474,1,1,1,1,1,1,1,1,1,1,1,1,1,1,1,1,1,1,1,1,1,1,1,1,1,1,1,1,1,6.87096330905593e-05,1,1,1,1,1,1,1,1,1,1,1,1,1,1,1,1,1,1,1,1,1,1,1,1,1,1,1,1,1,1,6.87096330905593e-05,1,1,1,1,1,1,1,1,1
"Aphrocallistes_vastus_HiC-scaffold_057",1,1,1,1,1,0.000687096330905592,1,1,1,1,1,1,1,1,1,1,1,1,1,1,1,1,1,1,1,1,1,1,1,1,1,1,1,1,1,1,1,6.87096330905593e-05,1,1,1,1,1,6.87096330905593e-05,1,1,1,1,1,1,1,1,1,1,1,1,1,1,1,1,1,1,1,1,1,1,1,1,1,1,1,1,1,1,1,1,1,1,1,1,1,6.87096330905593e-05,1,6.87096330905593e-05,1,1,1,1,1,1,1,1,1,1,1,1,1,1,1,1,1,1,1,1,1,1,1,1,1,1,1,1,1,1,1,1,1,1,1,1,1,1,1,1,1,1,1,1,1,1,1,1,1,1,1,1,1,1,1,1,1,1,1,1,1,1,1,1,1,1,1,1,1,1,1,1,1,1,1,1,1,1,1,1,1,1,1,1,1,1,1,1,1,1,1,1,1,1,1,1,1,1,1,1,1
"Aphrocallistes_vastus_HiC-scaffold_058",1,1,1,1,1,1,1,1,1,1,1,0.000549677064724474,1,1,1,1,1,1,1,1,1,1,1,1,1,1,1,1,1,1,1,1,1,1,1,1,1,1,1,1,1,1,6.87096330905593e-05,1,1,1,1,1,1,1,1,1,1,1,1,1,1,1,1,1,1,1,1,1,1,1,1,1,1,1,1,1,1,1,1,1,1,1,1,1,1,1,1,1,1,1,1,1,1,1,1,1,1,1,1,1,1,1,1,1,1,1,1,1,1,1,1,1,1,1,1,1,1,1,1,1,1,1,1,1,1,1,1,1,1,1,1,1,1,1,1,1,1,1,1,6.87096330905593e-05,1,1,1,1,1,1,1,1,1,1,1,1,1,1,1,1,1,1,1,1,1,1,1,1,1,1,1,1,1,1,1,1,1,1,1,1,1,1,1,1,1,1,1,1,1,1,1,1,1
"Aphrocallistes_vastus_HiC-scaffold_059",1,1,1,1,1,1,1,1,1,1,1,1,1,1,1,1,1,1,1,1,1,1,1,1,1,9.44008139615781e-09,1,1,1,1,1,1,1,1,1,1,1,1,1,1,1,1,1,1,1,1,1,1,1,1,1,1,1,1,1,1,1,6.87096330905593e-05,1,1,1,1,1,1,1,1,1,1,1,1,1,1,1,1,1,1,1,1,1,1,1,1,1,1,1,1,1,1,1,1,1,1,1,1,1,1,1,1,1,1,1,1,1,1,6.87096330905593e-05,1,1,1,1,1,1,1,1,0.000618386697815034,1,1,1,1,0.00961934863267832,1,1,1,1,1,1,1,1,1,1,1,1,1,1,1,1,1,1,1,1,1,1,1,1,1,1,1,1,1,1,1,1,1,1,1,1,1,1,1,1,1,1,1,1,1,1,1,1,1,1,1,1,1,1,1,1,1,1,1,1,1,1,1,1,1,1
"Aphrocallistes_vastus_HiC-scaffold_060",1,1,1,1,1,1,0.000274838532362237,1,1,1,1,1,1,1,1,1,1,1,1,1,1,1,1,1,1,1,1,1,1,1,1,1,1,1,1,1,1,1,1,1,1,1,1,1,1,1,1,1,1,1,1,1,1,1,1,1,1,1,1,1,1,1,1,1,1,1,1,1,1,1,1,1,1,1,1,1,1,1,1,1,1,1,1,1,1,1,1,1,1,1,1,1,1,1,1,1,1,1,1,1,1,1,1,1,1,1,1,1,1,1,1,1,1,1,1,1,1,1,1,1,1,1,1,1,1,1,1,1,1,1,1,1,1,1,1,1,1,1,1,1,1,1,1,1,1,1,1,1,1,1,1,1,1,1,1,1,1,1,1,1,1,1,1,1,1,1,1,1,1,1,1,1,1,1,1,1,1,1,1,1,1,1,1,1,1
"Aphrocallistes_vastus_HiC-scaffold_061",1,1,1,1,1,1,1,1,1,1,1,1,1,1,1,1,1,1,1,1,1,1,1,1,1,1,1,1,1,1,1,1,1,1,1,1,1,1,1,1,1,1,1,1,1,1,1,1,1,1,1,1,1,1,1,1,1,1,1,1,1,1,1,1,1,1,1,1,1,1,1,1,1,1,1,1,1,1,1,1,1,1,1,1,1,1,1,1,1,1,1,1,1,1,1,1,1,1,9.44008139615781e-09,1,1,1,1,1,1,1,1,1,1,1,1,1,1,1,1,1,1,1,1,1,1,1,1,1,1,1,1,1,1,1,1,1,1,1,1,1,1,1,1,1,1,1,1,1,1,1,1,1,1,1,1,1,1,1,1,1,1,1,1,1,1,1,1,1,1,1,1,1,1,1,1,1,1,1,1,1,1,1,1,1,1,1,1,1,1
"Aphrocallistes_vastus_HiC-scaffold_062",1,1,1,1,1,1,1,1,1,1,1,1,1,1,1,1,1,1,1,1,1,1,1,1,1,1,1,1,1,1,1,1,1,1,1,1,1,1,1,1,1,1,1,1,1,1,1,1,1,1,1,1,1,1,1,1,1,1,1,1,1,1,1,1,1,1,1,1,1,1,1,1,1,1,1,1,1,1,1,1,1,1,1,1,1,1,1,1,1,1,1,1,1,1,1,1,1,1,1,1,1,1,1,1,1,1,1,1,1,1,1,1,1,1,1,1,1,1,8.79627832221204e-15,1,1,1,1,1,1,1,1,1,1,1,1,1,1,1,1,1,1,1,1,1,1,1,1,1,1,1,1,1,1,1,1,1,1,1,1,1,1,1,1,1,1,1,1,1,1,1,1,1,1,1,1,1,1,1,1,1,1,1,1,1,1,1,1,1,1
"Aphrocallistes_vastus_HiC-scaffold_063",0.00192301044300495,1,1,1,1,1,1,1,1,1,1,1,1,0.00109908973451642,1,1,1,1,1,1,1,1,1,1,1,1,1,1,1,1,1,1,1,1,1,1,1,1,1,1,1,1,1,1,1,1,1,1,1,1,1,1,1,1,1,1,1,1,1,1,1,1,1,1,1,1,1,1,1,1,1,1,1,1,1,1,1,1,1,1,1,1,1,1,1,1,1,1,1,1,1,1,1,1,1,1,1,1,1,1,1,1,1,1,1,1,1,1,1,1,1,1,1,1,1,1,1,1,1,1,1,1,1,1,1,1,1,1,1,1,1,1,1,1,1,1,1,1,1,1,1,1,1,1,1,1,1,1,1,1,1,1,1,1,1,1,1,1,1,1,1,1,1,1,1,1,1,1,1,1,1,1,1,1,1,1,1,1,1,1,1,1,1,1,1
"Aphrocallistes_vastus_HiC-scaffold_064",1,1,1,1,1,1,1,1,1,1,1,1,1,1,1,1,1,1,1,1,1,1,1,1,1,1,1,1,1,1,1,9.44008139615781e-09,1,1,1,1,1,1,1,1,1,1,1,1,1,1,1,1,1,1,1,1,1,1,1,1,1,1,1,1,1,6.87096330905593e-05,1,1,1,1,1,1,1,1,1,1,1,1,1,1,1,1,1,1,1,1,1,1,1,1,1,1,1,1,1,1,1,1,1,1,1,1,1,1,1,1,1,1,1,1,1,1,1,1,1,1,1,1,1,1,1,1,1,1,1,1,1,1,1,1,1,1,1,1,1,1,1,1,1,1,1,1,1,1,1,1,1,1,1,1,1,1,1,1,1,1,1,1,1,1,1,1,1,1,1,1,1,1,1,1,1,1,1,1,1,1,1,1,1,1,1,1,1,1,1,1,1,1,1
"Aphrocallistes_vastus_HiC-scaffold_065",1,1,1,1,1,1,1,1,1,1,1,1,1,1,1,1,1,1,1,1,1,1,1,1,1,1,1,1,1,1,1,1,1,1,1,1,1,1,1,1,1,1,1,1,1,1,1,1,1,1,1,1,1,1,1,6.87096330905593e-05,1,1,1,1,1,1,1,1,1,1,1,1,1,1,1,1,1,1,1,1,1,1,1,1,1,1,1,1,1,1,1,1,1,1,1,1,1,1,1,1,1,1,1,1,1,1,1,1,1,1,1,1,1,1,1,1,1,1,1,1,1,1,1,1,1,1,1,1,1,1,1,1,1,1,1,1,1,1,1,1,1,1,1,1,1,1,1,1,1,1,1,1,1,1,1,1,1,1,1,1,1,1,1,1,1,1,1,1,1,1,1,1,1,1,1,1,1,1,1,1,1,1,1,1,1,1,1,1,1
"Aphrocallistes_vastus_HiC-scaffold_066",1,1,1,1,1,1,1,1,1,1,1,1,1,1,1,1,1,1,1,1,1,1,1,1,1,1,1,1,1,1,1,1,1,1,1,1,1,1,1,1,1,1,1,6.87096330905593e-05,1,1,1,1,1,1,1,1,1,1,1,6.87096330905593e-05,1,1,1,1,1,1,1,1,1,1,1,1,1,1,1,1,1,1,1,1,1,1,1,1,1,1,1,1,1,1,1,1,1,1,1,1,1,1,1,1,1,1,1,1,1,1,1,1,1,1,1,1,1,1,1,1,1,1,1,1,1,1,1,1,1,1,1,1,1,1,1,1,1,1,1,1,1,1,1,1,1,1,1,1,1,1,1,1,1,1,1,1,1,1,1,1,1,1,1,1,1,1,1,1,1,1,1,1,1,1,1,1,1,1,1,1,1,1,1,1,1,1,1,1,1,1,1,1,1
"Aphrocallistes_vastus_HiC-scaffold_067",1,1,1,1,1,1,1,1,1,1,1,1,1,1,1,1,1,1,1,1,1,1,1,1,1,1,1,1,1,1,1,6.87096330905593e-05,1,1,1,1,1,1,1,1,1,1,1,1,1,1,1,1,1,1,1,1,1,1,1,9.44008139615781e-09,1,1,1,1,1,1,1,1,1,1,1,1,1,1,1,1,1,1,1,1,1,1,1,1,1,1,1,1,1,1,1,1,1,1,1,1,1,1,1,1,1,1,1,1,1,1,1,1,1,1,1,1,1,1,1,1,1,1,1,1,1,1,1,1,1,1,1,1,1,1,1,1,1,1,1,1,1,1,1,1,1,1,1,1,1,1,1,1,1,1,1,1,1,1,1,1,1,1,1,1,1,1,1,1,1,1,1,1,1,1,1,1,1,1,1,1,1,1,1,1,1,1,1,1,1,1,1,1,1
"Aphrocallistes_vastus_HiC-scaffold_068",1,1,1,1,1,1,1,1,1,1,1,1,1,1,1,1,1,1,1,1,1,1,0.000274838532362237,1,1,1,1,1,1,1,1,1,1,1,1,1,1,1,1,1,1,1,1,9.44008139615781e-09,1,1,1,1,1,1,1,1,1,1,1,1,1,1,1,1,1,1,1,1,1,1,1,1,1,1,1,1,1,1,1,1,1,1,1,1,1,1,1,1,1,1,1,1,1,1,1,1,1,1,1,1,1,1,1,1,1,1,1,1,1,1,1,1,1,1,1,1,1,1,1,1,1,1,1,1,1,1,1,1,1,0.000206128899271678,1,1,1,1,1,1,1,1,1,1,1,1,1,1,1,1,1,1,1,1,1,1,1,1,1,1,1,1,1,1,1,1,1,1,1,1,1,1,1,1,1,1,1,1,1,1,1,1,1,1,1,1,1,1,1,1,1,1,1
"Aphrocallistes_vastus_HiC-scaffold_069",1,1,1,1,1,1,1,1,1,1,1,1,1,1,1,1,1,1,1,1,1,1,1,1,1,1,1,1,1,1,1,1,1,1,1,1,1,1,1,1,1,1,1,1,1,1,1,1,1,1,1,1,1,1,1,1,1,1,1,1,1,1,1,6.87096330905593e-05,1,1,1,1,1,1,1,1,1,1,1,1,1,1,1,1,1,1,1,1,1,1,1,1,1,1,1,1,1,1,1,1,1,1,1,1,1,1,1,1,1,1,1,1,1,1,1,1,1,1,1,1,1,1,1,1,1,1,1,1,1,1,1,1,1,1,1,1,1,1,1,1,1,1,1,1,1,1,1,1,1,1,1,1,1,1,1,1,1,1,1,1,1,1,1,1,1,1,1,1,1,1,1,1,1,1,1,1,1,1,1,1,1,1,1,1,1,1,1,1,1
"Aphrocallistes_vastus_HiC-scaffold_070",1,1,1,1,1,1,1,1,1,1,1,1,1,1,1,1,1,1,1,1,1,1,1,1,1,1,1,1,1,1,1,1,1,1,1,1,1,1,1,1,1,1,1,1,1,1,1,1,1,1,1,1,1,1,1,1,1,1,1,1,1,6.87096330905593e-05,1,1,1,1,1,1,1,1,1,1,1,1,1,1,1,1,1,1,1,1,1,1,1,1,1,1,1,1,1,1,1,1,1,1,1,1,1,1,1,1,1,1,1,1,1,1,1,1,1,1,1,1,1,1,1,1,1,1,0.000755805963996152,1,1,1,1,1,1,1,1,1,1,1,1,1,1,1,1,1,1,1,1,1,1,1,1,1,1,1,1,1,1,1,1,1,1,1,1,1,1,1,1,1,1,1,1,1,1,1,1,1,1,1,1,1,1,1,1,1,1,1,1,1,1,1,1
"Aphrocallistes_vastus_HiC-scaffold_071",1,1,1,1,1,1,1,1,1,1,1,1,1,1,1,1,1,1,1,1,1,1,1,1,1,1,1,1,1,1,1,1,1,1,1,1,1,1,1,1,1,1,1,1,1,1,1,1,1,1,1,1,1,1,1,6.87096330905593e-05,1,6.87096330905593e-05,1,1,1,1,1,1,1,1,1,1,1,1,1,1,1,1,1,1,1,1,1,1,1,1,1,1,1,1,1,1,1,1,1,1,1,1,1,1,1,1,1,1,1,1,1,1,1,1,1,1,1,1,1,1,1,1,1,1,1,1,1,1,1,1,1,1,1,1,1,1,1,1,1,1,1,1,1,1,1,1,1,1,1,1,1,1,1,1,1,1,1,1,1,1,1,1,1,1,1,1,1,1,1,1,1,1,1,1,1,1,1,1,1,1,1,1,1,1,6.87096330905593e-05,1,1,1,1,1,1,1,1
"Aphrocallistes_vastus_HiC-scaffold_072",1,1,1,1,1,1,1,1,1,1,1,1,1,1,1,1,1,1,1,1,1,1,1,1,1,1,1,1,1,1,1,1,1,1,1,1,1,1,1,1,1,1,6.87096330905593e-05,1,1,1,1,1,1,1,1,1,1,1,1,1,1,1,1,1,1,1,1,1,1,1,1,1,1,1,1,1,1,1,1,1,1,1,1,1,1,1,1,1,1,1,1,1,1,1,1,1,1,1,1,1,1,1,1,1,1,1,1,1,1,1,1,1,1,1,1,1,1,1,1,1,1,1,1,1,1,1,1,1,1,1,1,1,1,1,1,1,1,1,1,1,1,1,1,1,1,1,1,1,1,1,1,1,1,1,1,1,1,1,1,1,1,1,1,1,1,1,1,1,1,1,1,1,1,1,1,1,1,1,1,1,1,1,1,1,1,1,1,1,1
"Aphrocallistes_vastus_HiC-scaffold_073",1,1,1,1,1,5.19204476788681e-07,1,1,1,1,1,1,1,1,1,1,1,1,1,1,0.0242545004809674,1,1,1,1,1,1,1,1,1,1,1,1,1,1,1,1,1,1,1,1,1,1,1,1,1,1,1,1,1,1,1,1,1,1,1,1,1,1,1,1,1,1,1,1,1,1,1,1,1,1,6.87096330905593e-05,1,1,1,1,1,1,1,1,1,1,1,1,1,1,1,1,1,1,1,1,1,1,1,1,1,1,1,1,1,1,1,1,1,1,1,1,1,1,1,1,1,1,1,1,1,1,1,1,1,1,1,1,1,1,1,1,1,1,1,1,1,1,1,1,1,1,6.87096330905593e-05,1,1,1,1,1,1,1,1,1,1,1,1,1,1,1,1,1,1,1,1,1,1,1,1,1,1,1,1,1,1,1,1,1,1,1,1,1,1,1,1,1,1,1,1,1,1
"Aphrocallistes_vastus_HiC-scaffold_074",1,1,1,1,1,1,1,0.000274838532362237,1,1,1,1,0.00109935412944895,1,1,1,1,1,1,1,1,1,1,1,1,1,1,1,1,1,1,1,1,1,1,1,1,1,1,1,1,1,1,1,1,1,1,1,1,1,1,1,1,1,1,9.44008139615781e-09,1,1,1,1,1,1,1,1,1,1,1,1,1,1,1,1,1,1,1,1,1,1,1,1,1,1,1,1,1,1,1,1,1,1,1,1,1,1,1,1,1,1,1,1,1,1,1,1,1,1,1,1,1,1,1,1,1,1,1,1,1,1,1,1,1,1,1,1,1,1,1,1,1,1,1,1,1,1,1,1,1,1,1,1,1,1,1,1,1,1,1,1,1,1,1,1,1,1,1,1,1,1,1,1,1,1,1,1,1,1,1,1,1,1,1,1,1,1,1,1,1,1,1,1,1,1,1,1,1
"Aphrocallistes_vastus_HiC-scaffold_075",1,1,1,1,1,1,1,1,1,1,1,1,1,1,1,1,1,1,1,1,0.000589825725713337,1,6.34417439977147e-21,1,1,1,1,1,1,1,1,1,1,1,1,1,1,1,1,1,1,1,1,1,1,1,1,1,1,1,1,1,1,1,1,1,1,1,1,1,1,1,1,1,1,1,1,1,1,1,1,1,1,1,1,1,1,1,1,1,1,1,1,1,1,1,1,1,1,1,1,1,1,1,1,1,1,1,1,1,1,1,1,1,1,1,1,1,1,1,1,1,1,1,1,1,1,1,1,1,1,1,1,1,1,1,1,1,1,1,1,1,1,1,1,1,1,1,1,1,1,1,1,1,1,1,1,1,1,1,1,1,1,1,1,1,1,1,1,1,1,1,1,1,1,1,1,1,1,1,1,1,1,1,1,1,1,1,1,1,1,1,1,1,1
"Aphrocallistes_vastus_HiC-scaffold_076",1,1,1,1,1,1,1,1,1,1,1,1,1,1,1,1,1,1,1,0.000206128899271678,1,1,1,1,1,1,1,1,1,1,1,1,1,1,1,1,1,1,1,1,1,1,1,1,1,1,1,1,1,1,1,1,1,1,1,1,1,1,1,1,1,1,1,1,1,1,1,1,1,1,1,1,1,1,1,1,1,1,1,1,1,1,1,1,1,1,1,1,1,1,1,1,1,1,1,1,1,1,1,1,1,1,1,1,1,1,1,1,1,1,1,1,1,1,1,1,1,1,1,1,1,1,1,1,1,1,1,1,1,1,1,1,1,1,1,1,1,1,1,1,1,1,1,1,1,1,1,1,1,1,1,1,1,1,1,1,1,1,1,1,1,1,1,1,1,1,1,1,1,1,1,1,1,1,1,1,1,1,1,1,1,1,1,1,1
"Aphrocallistes_vastus_HiC-scaffold_077",1,1,1,1,1,1,1,1,1,1,1,1,1,1,1,1,1,1,1,1,1,1,1,1,1,1,1,1,1,1,1,1,1,1,1,1,1,1,1,1,1,1,1,1,1,1,1,1,1,1,1,1,1,1,1,1.94507166117155e-12,1,1,1,1,1,1,1,1,1,1,1,1,1,1,1,1,1,1,1,1,1,1,1,1,1,1,1,1,1,1,1,1,1,1,1,1,1,1,1,1,1,1,1,1,1,1,1,1,1,1,1,1,1,1,1,1,1,1,1,1,1,0.000343548165452796,1,1,1,1,1,1,1,1,1,1,1,1,1,1,1,1,1,1,1,1,1,1,1,1,1,1,1,1,1,1,1,1,1,1,1,1,1,1,1,1,1,1,1,1,1,1,1,1,1,1,1,1,1,1,1,1,1,1,1,1,1,1,1,1,1,1,1
"Aphrocallistes_vastus_HiC-scaffold_078",1,1,1,1,1,1,9.44008139615785e-08,1,1,1,1,1,1,1,1,1,1,1,1,1,1,1,1,1,1,1,1,1,1,1,1,1,1,1,1,1,1,1,1,1,1,1,1,1,1,1,1,1,1,1,1,1,1,1,1,1,1,1,1,1,1,1,1,1,1,1,1,1,1,1,1,1,1,1,1,1,1,1,1,1,1,1,1,1,1,1,1,1,1,1,1,1,1,1,1,1,1,1,1,1,1,1,1,1,1,1,1,1,1,1,1,1,1,1,1,1,1,1,1,1,1,1,1,1,1,1,1,1,1,1,1,1,1,1,1,1,1,1,1,1,1,1,1,1,1,1,1,1,1,1,1,1,1,1,1,1,1,1,1,1,1,1,1,1,1,1,1,1,1,1,1,1,1,1,1,1,1,1,1,1,1,1,1,1,1
"Aphrocallistes_vastus_HiC-scaffold_079",1,1,1,1,1,1,1,1,1,1,1,1,1,1,1,1,1,1,1,1,1,1,1,1,1,1,1,1,1,1,1,1,6.87096330905593e-05,1,1,1,1,1,1,1,1,6.87096330905593e-05,1,1,1,1,1,1,1,1,1,1,1,1,1,6.87096330905593e-05,1,6.87096330905593e-05,1,1,1,1,1,1,1,1,1,1,1,1,1,1,1,1,1,1,1,1,1,1,1,1,1,1,1,1,1,1,1,1,1,1,1,1,1,1,1,1,1,1,1,1,1,1,1,1,1,1,1,1,1,1,1,1,1,1,1,1,1,1,1,1,1,1,1,1,1,1,1,1,1,1,1,1,1,1,1,1,1,1,1,1,1,1,1,1,1,1,1,1,1,1,1,1,1,1,1,1,1,1,1,1,1,1,1,1,1,1,1,1,1,1,1,1,1,1,1,1,1,1,1,1,1,1,1
"Aphrocallistes_vastus_HiC-scaffold_080",1,1,1,1,1,1,1,1,1,1,0.000206128899271678,1,1,1,1,1,1,1,1,1,1,1,1,1,1,1,1,1,1,1,1,1,1,1,1,1,1,1,1,6.87096330905593e-05,1,1,1,1,1,1,1,6.87096330905593e-05,1,1,1,1,1,1,1,1,1,1,1,1,1,1,1,1,1,1,1,1,1,1,1,1,1,1,1,1,1,1,1,1,1,1,1,1,1,1,1,1,1,1,1,1,1,1,1,1,1,1,1,1,6.87096330905593e-05,1,1,1,1,1,1,1,1,1,1,1,1,1,1,1,1,1,1,1,1,1,1,1,1,1,1,1,1,1,1,1,1,1,1,1,1,1,1,1,1,1,6.87096330905593e-05,1,1,1,1,1,1,1,1,1,1,1,1,1,1,1,1,1,1,1,1,1,1,1,1,1,1,1,1,1,1,1,1,6.87096330905593e-05,1,1,1,1,1,1,1,1,1
"Aphrocallistes_vastus_HiC-scaffold_081",1,1,1,1,1,0.000687096330905592,1,1,1,1,1,1,1,1,1,1,1,1,1,1,1,1,1,1,1,1,1.83389464094947e-19,1,1,1,1,1,1,1,1,1,1,1,1,1,1,1,1,1,1,1,1,1,1,1,1,1,1,1,1,1,1,1,1,1,1,1,1,1,1,1,1,1,1,6.87096330905593e-05,1,9.44008139615781e-09,1,1,1,1,1,1,1,1,1,1,1,1,1,1,1,1,1,1,1,1,1,1,1,1,1,1,1,1,1,1,1,1,1,1,1,1,1,1,1,1,1,1,1,1,1,1,1,1,1,1,1,1,1,1,1,1,1,1,1,1,1,1,1,1,1,1,1,1,1,1,1,1,1,1,6.87096330905593e-05,1,1,1,1,1,1,1,1,1,1,1,1,1,1,1,1,1,1,1,1,1,1,1,1,1,1,1,1,1,1,1,1,1,1,1,1,1,1
"Aphrocallistes_vastus_HiC-scaffold_082",1,1,1,1,1,0.000687096330905592,1,1,1,1,1,1,1,1,1,1,1,1,1,1,1,1,1,1,1,1,1,1,1,1,1,1,1,1,1,1,1,1,1,1,1,1,1,1,1,1,1,1,1,1,1,1,1,1,1,1,1,1,6.87096330905593e-05,1,1,1,1,1,1,1,1,1,1,1,1,6.87096330905593e-05,1,1,1,1,1,1,1,1,1,1,1,1,1,1,1,1,1,1,1,1,1,1,1,1,1,1,1,1,1,1,1,1,1,1,1,1,1,1,1,1,1,1,1,1,1,1,1,1,1,1,1,1,1,1,1,1,1,1,1,1,1,1,1,1,1,1,1,1,1,1,1,1,1,1,1,1,1,1,1,1,1,1,1,1,1,1,1,1,1,1,1,1,1,1,1,1,1,1,1,1,1,1,1,1,1,1,1,1,1,1,1,1,1
"Aphrocallistes_vastus_HiC-scaffold_083",1,1,1,1,1,1,1,1,1,1,1,1,1,1,1,1,1,1,1,1,1,1,1,1,1,1,1,1,1,1,1,1,1,1,1,1,1,1,1,1,1,1,1,1,1,1,1,1,1,1,1,1,1,1,1,1,1,1,1,1,1,1,1,1,1,1,1,1,1,1,1,1,1,1,1,1,1,1,1,1,1,1,1,1,6.87096330905593e-05,1,1,1,1,1,1,1,1,1,1,1,1,1,1,1,1,1,1,1,1,1,1,1,1,1,1,1,1,1,1,1,1,1,1,1,1,1,1,1,1,1,1,1,1,1,1,1,1,1,1,1,1,1,1,1,1,1,1,1,1,1,1,1,1,1,1,1,1,1,1,0.000274838532362237,1,1,1,1,1,1,1,1,1,1,1,1,1,1,1,1,1,1,1,1,1,1,1,1,1,1,1,1,1
"Aphrocallistes_vastus_HiC-scaffold_084",1,1,1,1,1,1,1,1,1,1,1,1,1,1,1,1,1,1,1,1,1,1,1,1,1,1,1,1,1,1,1,9.44008139615781e-09,1,1,1,1,1,1,1,1,1,1,1,1,1,1,1,1,1,6.87096330905593e-05,1,1,1,1,1,6.87096330905593e-05,1,1,1,1,1,1,1,1,1,1,1,1,1,1,1,1,1,1,1,1,1,1,1,1,1,1,1,1,1,1,1,1,1,1,1,1,1,1,1,1,1,1,1,1,1,1,1,1,1,1,1,1,1,1,1,1,1,1,1,1,1,1,1,1,1,1,1,1,1,1,1,1,1,1,1,1,1,1,1,1,1,1,1,1,9.44008139615781e-09,1,1,1,1,1,1,1,1,1,1,1,1,1,1,1,1,1,1,1,1,1,1,1,1,1,1,1,1,1,1,1,1,1,1,1,1,1,1,1,1,1,1,1,1
"Aphrocallistes_vastus_HiC-scaffold_085",1,1,1,1,1,1,1,1,1,1,1,1,1,1,1,1,1.98241709319315e-07,1,1,1,1,0.000343548165452796,1,1,1,1,1,1,1,1,1,1,1,1,1,1,1,1,1,1,1,1,1,1,1,1,1,1,1,1,1,1,1,1,1,1,1,1,1,1,1,1,1,1,1,1,1,1,1,1,1,1,1,1,1,1,1,1,1,1,1,1,1,1,1,1,1,1,1,1,1,1,1,1,1,1,1,1,1,1,1,1,1,1,1,1,1,1,1,1,1,1,1,1,1,1,1,1,1,1,1,1,1,1,1,1,1,1,1,1,1,1,1,1,1,1,1,1,1,1,1,1,1,1,1,1,1,1,1,1,1,1,1,1,1,1,1,1,1,1,1,1,1,1,1,1,1,1,1,1,1,1,1,1,1,1,1,1,1,1,1,1,1,1,1
"Aphrocallistes_vastus_HiC-scaffold_086",1,1,1,1,1,1,1,1,1,1,1,1,1,1,1,1,1,1,1,1,1,1,1,1,1,1,1,1,1,1,1,1,1,1,1,1,1,1,1,1,1,1,1,1,1,1,1,1,1,5.34250237193507e-16,1,1,1,1,1,1,1,1,1,1,1,1,1,1,1,1,1,1,1,1,1,1,1,1,1,1,1,1,1,1,1,1,1,1,1,1,1,1,1,1,1,1,1,1,1,1,1,1,1,1,1,1,1,1,1,1,1,1,1,1,1,1,1,1,1,1,1,1,1,1,1,1,1,1,1,1,1,1,1,1,1,1,1,1,1,1,1,1,1,1,1,1,1,1,1,1,1,1,1,1,1,1,1,1,1,1,1,1,1,1,1,1,1,1,1,1,1,1,1,1,1,1,1,1,1,1,1,1,1,1,1,1,1,1,1
"Aphrocallistes_vastus_HiC-scaffold_087",1,1,1,1,1,1,1,1,1,1,1,1,1,1,1,1,1,1,1,1,1,1,1,1,1,1,1,1,1,1,1,1,1,1,1,1,1,1,1,1,1,1,1.94507166117155e-12,1,1,1,1,1,1,1,1,1,1,1,1,1,1,1,1,1,1,1,1,1,1,1,1,1,1,1,1,1,1,1,1,1,1,1,1,1,1,1,1,1,1,1,1,1,1,1,1,1,1,1,1,1,1,1,1,1,1,1,1,1,1,1,6.87096330905593e-05,1,1,1,1,1,1,1,1,1,1,1,1,1,1,1,1,1,1,1,1,1,1,1,1,1,1,1,1,1,1,1,1,1,1,1,1,1,1,1,1,1,1,1,1,1,1,1,1,1,1,1,1,1,1,1,1,1,1,1,1,1,1,1,1,1,1,1,1,1,1,1,1,1,1,1,1,1,1
"Aphrocallistes_vastus_HiC-scaffold_088",1,1,1,1,1,1,1,1,1,1,0.000206128899271678,1,1,1,1,1,1,1,1,1,1,1,1,1,0.000480967431633915,1,1,1,1,1,1,1,1,1,1,1,1,1,1,1,1,1,1,1,1,1,1,1,1,1,1,1,1,1,1,1,1,1,1,1,1,1,1,1,1,1,1,1,1,1,1,1,1,1,1,1,1,1,1,1,1,1,1,1,1,1,1,1,1,1,1,1,1,1,1,1,1,1,1,1,1,1,1,1,1,1,1,1,1,1,1,1,1,1,1,1,1,1,1,1,1,1,1,1,1,1,1,1,1,1,1,1,1,1,1,1,1,1,1,1,1,1,1,1,1,1,1,1,1,1,1,1,1,1,1,1,1,1,1,1,1,1,1,1,1,1,1,1,1,1,1,1,1,1,1,1,1,1,1,1,1,1,1,1,1
"Aphrocallistes_vastus_HiC-scaffold_089",1,1,1,1,1,1,1,1,1,1,1,1,1,1,1.98241709319315e-07,1,1,1,1,1,1,1,1,1,1,1,1,1,1,1,1,1,1,1,1,1,1,6.87096330905593e-05,1,1,1,1,1,1,1,1,1,1,1,1,1,1,1,1,1,6.87096330905593e-05,1,1,1,1,1,1,1,1,1,1,1,1,1,1,1,1,1,1,1,1,1,1,1,1,1,1,1,1,1,1,1,1,1,1,1,1,1,1,1,1,1,1,1,1,1,1,1,1,1,1,1,1,1,1,1,1,1,1,1,1,1,1,1,1,1,1,1,1,1,1,1,1,1,1,1,1,1,1,1,1,1,1,1,1,1,1,1,1,1,1,1,1,1,1,1,1,1,1,1,1,1,1,1,1,1,1,1,1,1,1,1,1,1,1,1,1,1,1,1,1,1,1,1,1,1,1,1,1,1
"Aphrocallistes_vastus_HiC-scaffold_090",1,1,1,1,1,1,1,1,1,1,1,1,1,1,1,1,1,1,1,0.000206128899271678,1,1,1,1,1,1,1,1,1,1,1,1,1,1,1,1,1,1,1,1,1,1,1,1,1,1,1,1,1,1,1,1,1,1,1,1,1,1,1,1,1,1,1,1,1,1,1,1,1,1,1,1,1,1,1,1,1,1,1,1,1,1,1,1,1,1,1,1,1,1,1,1,1,1,1,1,1,1,1,1,1,1,1,1,1,1,1,1,1,1,1,1,1,1,1,1,1,1,1,1,1,1,1,1,1,1,1,1,1,1,1,1,1,1,1,1,1,1,1,1,1,1,1,1,1,1,1,1,1,1,1,1,1,1,1,1,1,1,1,1,1,1,1,1,1,1,1,1,1,1,1,1,1,1,1,1,1,1,1,1,1,1,1,1,1
"Aphrocallistes_vastus_HiC-scaffold_091",1,1,1,1,1,1,1,1,1,1,1,1,1,1,0.000412257798543356,1,1,1,1,1,1,1,1,0.000206128899271678,1,1,1,1,1,1,1,1,1,1,1,1,1,1,1,1,1,1,1,1,1,1,1,1,1,1,1,1,1,1,1,1,1,1,1,1,1,1,1,1,1,1,1,1,1,1,1,1,1,1,1,1,1,1,1,1,1,1,1,1,1,1,1,1,1,1,1,1,1,1,1,1,1,1,1,1,1,1,1,1,1,1,1,1,1,1,1,1,1,1,1,1,1,1,1,1,1,1,1,1,1,1,1,1,1,1,1,1,1,1,6.87096330905593e-05,1,1,1,1,1,1,1,1,1,1,1,1,1,1,1,1,1,1,1,1,1,1,1,1,1,1,1,1,1,1,1,1,1,1,1,1,1,1,1,1,1,1,1,1,1,1,1,1,1,1
"Aphrocallistes_vastus_HiC-scaffold_092",1,1,1,1,1,1,1,1,1,1,0.000206128899271678,1,1,1,1,1,1,1,1,1,1,1,1,1,1,1,1,1,1,1,1,1,1,1,1,1,1,1,1,1,1,1,1,1,1,1,1,1,1,1,1,1,1,1,1,1,1,1,1,1,1,1,1,1,1,1,1,1,1,1,1,1,1,1,1,1,1,1,1,1,1,1,1,1,1,1,1,1,1,1,1,1,1,1,1,1,1,1,1,1,1,1,1,1,1,1,1,1,1,1,1,1,1,1,1,0.000137419266181119,1,1,1,1,1,1,1,1,1,1,1,1,1,1,1,1,1,1,1,1,1,1,1,1,1,1,1,1,1,1,1,1,1,1,1,1,1,1,1,1,1,1,1,1,1,1,1,1,1,1,1,1,1,1,1,1,1,1,1,1,1,1,1,1,1,1,1,1,1
"Aphrocallistes_vastus_HiC-scaffold_093",0.00192301044300495,1,1,1,1,1,1,1,1,1,1,1,1,1,1,1,1,1,1,1,1,1,1,1,1,1,1,1,1,1,1,1,1,1,1,1,1,1,1,1,1,1,1,1,1,1,1,1,1,1,1,1,1,1,1,1,1,1,1,1,1,1,1,1,1,1,1,1,1,1,1,1,1,1,1,1,1,1,1,1,1,1,1,1,1,0.000137419266181119,1,1,1,1,1,1,1,1,1,1,1,1,1,1,1,1,1,1,1,1,1,1,1,1,1,1,1,1,1,1,1,1,1,1,1,1,1,1,1,1,1,1,1,1,1,1,1,1,1,1,1,1,1,1,1,1,1,1,1,1,1,1,1,1,1,1,1,1,1,1,1,1,1,1,1,1,1,1,1,1,1,1,1,1,1,1,1,1,1,1,1,1,1,1,1,1,1,1,1
"Aphrocallistes_vastus_HiC-scaffold_094",1,1,1,1,1,1,1,1,1,1,0.000206128899271678,1,1,1,1,1,1,1,1,1,1,1,1,1,1,1,1,1,1,1,1,1,1,1,6.87096330905593e-05,1,1,1,1,1,1,1,6.87096330905593e-05,1,1,1,1,1,1,1,1,1,1,1,1,1,1,1,1,1,1,1,1,1,1,1,1,1,1,1,1,1,1,1,1,1,1,1,1,1,1,1,1,1,1,1,1,1,1,1,1,1,1,1,1,1,1,1,1,1,1,1,1,1,1,1,1,1,1,1,1,1,1,1,1,1,1,1,1,1,1,1,1,1,1,1,1,1,1,1,1,1,1,1,1,1,1,1,1,1,1,1,1,1,1,1,1,1,1,1,1,1,1,1,1,1,1,1,1,1,1,1,1,1,1,1,1,1,1,1,1,1,1,1,1,1,1,1,1,1,1,1,1,1,1
"Aphrocallistes_vastus_HiC-scaffold_095",1,1,1,1,1,1,1,1,1,1,1,1,1,1,1,1,1,1,1,1,1,1,1,1,1,1,1,1,1,1,1,1,1,1,1,1,1,1,1,1,1,1,1,1,1,1,1,1,1,1,1,1,1,1,1,6.87096330905593e-05,1,1,1,1,1,1,1,1,1,1,1,1,1,1,1,1,1,1,1,1,1,1,1,1,1,1,1,1,1,1,1,1,1,1,1,1,1,1,1,1,1,1,1,1,1,1,1,1,1,1,1,1,1,1,1,1,1,1,1,1,1,1,1,1,1,1,1,1,1,1,1,1,1,1,1,1,1,1,1,1,1,1,1,1,1,1,1,1,1,1,1,1,1,1,1,1,1,1,1,1,1,1,1,1,1,1,1,1,1,1,1,1,1,1,1,1,1,1,1,1,1,1,1,1,1,1,1,1,1
"Aphrocallistes_vastus_HiC-scaffold_096",0.00192301044300495,1,1,1,1,0.00137376774138391,1,1,1,1,1,1,1,1,1,1,1,1,1,1,1,1,1,1,1,1,1,1,1,0.000137419266181119,1,1,1,1,1,1,1,1,1,1,1,1,1,1,1,1,1,1,1,1,1,1,1,1,1,1,1,1,1,1,1,1,1,1,1,1,1,1,1,1,1,1,1,1,1,1,1,1,1,1,1,1,1,1,1,1,1,1,1,1,1,1,1,1,1,1,1,1,1,1,1,1,1,1,1,1,1,1,1,1,1,1,1,1,1,1,1,1,1,1,1,1,1,1,1,1,1,1,1,1,1,1,1,1,1,1,1,1,1,1,1,1,1,1,1,1,1,1,1,1,1,1,1,1,1,1,1,1,1,1,1,1,1,1,1,1,1,1,1,1,1,1,1,0.000137419266181119,1,1,1,1,1,1,1,1,1,1,1
"Aphrocallistes_vastus_HiC-scaffold_097",1,0.00116806376253951,1,1,1,1,1,1,1,1,1,1,1,1,1,1,1,0.000480967431633915,1,1,1,1,1,1,1,1,1,1,1,1,1,1,1,1,1,1,1,1,1,1,1,1,1,1,1,1,1,1,1,1,1,1,1,1,1,1,1,1,1,1,1,1,1,1,1,1,1,1,1,1,1,1,1,1,1,1,1,1,1,1,1,1,1,1,1,1,1,1,1,1,1,1,1,1,1,1,1,1,1,1,1,1,1,1,1,1,1,1,1,1,1,1,1,1,1,1,1,1,1,1,1,1,1,1,1,1,1,1,1,1,1,1,1,1,1,1,1,1,1,1,1,1,1,1,1,1,1,1,1,1,1,1,1,1,1,1,1,1,1,1,1,1,1,1,1,1,1,1,1,1,1,1,1,1,1,1,1,1,1,1,1,1,1,1,1
"Aphrocallistes_vastus_HiC-scaffold_098",1,1,1,1,1,1,1,1,1,1,1,1,1,1,1,1,1,1,1,1,1,1,1,1,1,1,1,1,1,1,1,1,1,1,1,1,1,1,1,1,1,1,1,1,1,1,1,1,1,1,1,1,1,1,1,9.44008139615781e-09,1,1,1,1,1,1,1,1,1,1,1,1,1,1,1,1,1,1,1,1,1,1,1,1,1,1,1,1,1,1,1,1,1,1,1,1,1,1,1,1,1,1,1,1,1,1,1,1,1,1,1,1,1,1,1,1,1,1,1,1,1,1,1,1,1,1,1,1,1,1,1,1,1,1,1,1,1,1,1,1,1,1,1,1,1,1,1,1,1,1,1,1,1,1,1,1,1,1,1,1,1,1,1,1,1,1,1,1,1,1,1,1,1,1,1,1,1,1,1,1,1,1,1,1,1,1,1,1,1
"Aphrocallistes_vastus_HiC-scaffold_099",1,1,1,1,1,1,1,1,1,1,1,1,1,1,1,1,1,1,1,1,1,1,1,1,1,1,1,1,1,1,1,1,1,1,1,1,1,6.87096330905593e-05,1,1,1,1,1,1,1,1,1,1,1,1,1,1,1,1,1,1,1,1,1,1,1,1,1,1,1,1,1,1,1,1,1,1,1,1,1,1,1,1,1,1,1,1,1,1,1,1,1,1,1,1,1,1,1,1,1,1,1,1,1,1,1,1,1,1,1,1,1,1,1,1,1,1,1,1,1,1,1,1,1,1,1,1,1,1,1,1,1,1,1,1,1,1,1,1,1,1,1,1,1,1,1,1,1,1,1,1,1,1,1,1,1,1,1,1,1,1,1,1,1,1,1,1,1,1,1,1,1,1,1,1,1,1,1,1,1,1,1,1,1,1,1,1,1,1,1
"Aphrocallistes_vastus_HiC-scaffold_100",1,1,1,1,1,1,1,1,1,1,1,1,1,1,1,1,1,1,1,1,1,1,1,1,1,1,1,1,1,1,1,1,1,1,1,1,1,6.87096330905593e-05,1,1,1,1,1,1,1,1,1,1,1,1,1,1,1,1,1,1,1,1,1,1,1,1,1,1,1,1,1,1,1,1,1,1,1,1,1,1,1,1,1,1,1,1,1,1,1,1,1,6.87096330905593e-05,1,1,1,1,1,1,1,1,1,1,1,1,1,1,1,1,1,1,1,1,1,1,1,1,1,1,1,1,1,1,1,1,1,1,1,1,1,1,1,1,1,1,1,1,1,1,1,1,1,1,1,1,1,1,1,1,1,1,1,1,1,1,1,1,1,1,1,1,1,1,1,1,1,1,1,1,1,1,1,1,1,1,1,1,1,1,1,1,1,1,1,1,1,1,1,1,1
"Aphrocallistes_vastus_HiC-scaffold_101",1,1,1,1,1,1,1,1,1,1,1,1,1,1,1,1,1,1,1,1,1,1,1,1,1,1,1,1,1,1.94507166117155e-12,1,1,1,1,1,1,1,1,1,1,1,1,1,1,1,1,1,1,1,1,1,1,1,1,1,1,1,1,1,1,1,1,1,1,1,1,1,1,1,1,1,1,1,1,1,1,1,1,1,1,1,1,1,1,1,1,1,1,1,1,1,1,1,1,1,1,1,1,1,1,1,1,1,1,1,1,1,1,1,1,1,1,1,1,1,1,1,1,1,1,1,1,1,1,1,1,1,1,1,1,1,1,1,1,1,1,1,1,1,1,1,1,1,1,1,1,1,1,1,1,1,1,1,1,1,1,1,1,1,1,1,1,1,1,1,1,1,1,1,1,1,1,1,1,1,1,1,1,1,1,1,1,1,1,1
"Aphrocallistes_vastus_HiC-scaffold_102",1,1,1,1,1,1,1,1,1,1,1,1,1,1,1,1,1,1,1,1,1,1,1,1,1,1,1,1,1,1,1,1,1,1,1,1,1,1,1,1,1,1,1,1,1,1,1,1,1,1,1,1,1,1,1,1,1,1,1,1,1,1,1,1,1,1,1,1,1,1,1,1,1,1,1,1,1,1,1,1,1,1,1,1,1,1,6.87096330905593e-05,1,1,1,1,1,1,1,1,1,1,1,1,1,1,1,1,1,1,1,1,1,1,1,1,1,1,1,1,1,1,1,1,1,1,1,1,1,1,1,1,1,1,1,1,1,1,1,1,1,1,1,1,1,1,1,1,1,1,1,1,1,1,1,1,1,1,1,1,1,1,1,1,1,1,1,1,1,1,1,1,1,1,1,1,1,1,1,1,1,1,1,1,1,1,1,1,1,1
"Aphrocallistes_vastus_HiC-scaffold_103",1,1,1,1,1,1,1,1,1,1,1,1,1,1,1,1,1,1,6.87096330905593e-05,1,1,1,1,1,1,1,1,1,1,1,1,1,1,1,1,1,1,1,1,1,1,1,1,1,1,1,1,1,1,1,1,1,1,1,1,1,1,1,1,1,1,1,1,1,1,1,1,1,1,1,1,1,1,1,1,1,1,1,1,1,1,1,1,1,1,1,1,1,1,1,1,1,1,1,1,1,1,1,1,1,1,1,1,1,1,1,1,1,1,1,1,1,1,1,1,1,1,1,1,1,1,1,1,1,1,1,1,1,1,1,1,1,1,1,1,1,1,1,1,1,1,1,1,1,1,1,1,1,1,1,1,1,1,1,1,0.000274838532362237,1,1,1,1,1,1,1,1,1,1,1,1,1,1,1,1,1,1,1,1,1,1,1,1,1,1,1,1,1
"Aphrocallistes_vastus_HiC-scaffold_104",0.00192301044300495,1,1,1,1,1,1,1,1,1,1,1,1,1,1,1,1,1,1,1,1,1,1,1,1,1,1,1,1,0.000137419266181119,1,1,1,1,1,1,1,1,1,1,1,1,1,1,1,1,1,1,1,1,1,1,1,1,1,1,1,1,1,1,1,1,1,1,1,1,1,1,1,1,1,1,1,1,1,1,1,1,1,1,1,1,1,1,1,1,1,1,1,1,1,1,1,1,1,1,1,1,1,1,1,1,1,1,1,1,1,1,1,1,1,1,1,1,1,1,1,1,1,1,1,1,1,1,1,1,1,1,1,1,1,1,1,1,1,1,1,1,1,1,1,1,1,1,1,1,1,1,1,1,1,1,1,1,1,1,1,1,1,1,1,1,1,1,1,1,1,1,1,1,1,1,1,1,1,1,1,1,1,1,1,1,1,1,1
"Aphrocallistes_vastus_HiC-scaffold_105",1,1,1,1,1,1,1,1,1,1,1,1,1,1,1,1,1,1,1,1,1,1,1,1,0.000480967431633915,1,1,1,1,1,1,1,1,1,1,1,1,1,1,1,1,1,1,1,1,1,1,1,1,1,1,1,1,1,1,1,1,1,1,1,1,1,1,1,1,1,1,1,1,1,1,1,1,1,1,1,1,1,1,1,1,1,1,1,1,1,1,1,1,1,1,1,1,1,1,1,1,1,1,1,1,1,1,1,1,1,1,1,1,1,1,1,1,1,1,1,1,1,1,1,1,1,1,1,1,1,1,1,1,1,1,1,1,1,1,1,1,1,1,1,1,1,1,1,1,1,1,1,1,1,1,1,1,1,1,1,1,1,1,1,1,1,1,1,1,1,1,1,1,1,1,1,1,1,1,1,1,1,1,1,1,1,1,1,1
"Aphrocallistes_vastus_HiC-scaffold_106",1,1,1,1,1,0.000687096330905592,1,1,1,1,1,1,1,0.000549677064724474,1,1,1,1,1,1,1,1,1,1,1,1,1,1,1,1,1,1,1,1,1,1,1,1,1,1,1,1,1,1,1,1,1,1,1,1,1,1,1,1,1,1,1,1,1,1,1,1,1,1,1,1,1,1,1,1,1,1,1,1,1,1,1,1,1,1,1,1,1,1,1,1,1,1,1,1,1,1,1,1,1,1,1,1,1,1,1,1,1,1,1,1,1,1,1,1,1,1,1,1,1,1,1,1,1,1,1,1,1,1,1,1,1,1,1,1,1,1,1,1,1,1,1,1,1,1,1,1,1,1,1,1,1,1,1,1,1,1,1,1,1,1,1,1,1,1,1,1,1,1,1,1,1,1,1,1,1,1,1,1,1,1,1,1,1,1,1,1,1,1,1
"Aphrocallistes_vastus_HiC-scaffold_107",1,1,1,1,1,1,1,1,1,1,1,1,1,1,1,1,1,1,1,1,1,1,1,1,1,1,1,1,1,1,1,1,1,1,1,1,1,1,1,1,1,1,1,1,1,1,1,1,1,1,1,1,6.87096330905593e-05,1,1,1,1,1,1,1,1,1,1,1,1,1,1,1,1,1,1,1,1,1,1,1,1,1,1,1,1,1,1,1,1,1,1,1,1,1,1,1,1,1,1,1,1,1,1,1,1,1,1,1,6.87096330905593e-05,1,1,1,1,1,1,1,1,1,1,1,1,1,1,1,1,1,1,1,1,1,1,1,1,1,1,1,1,1,1,1,1,1,1,1,1,1,1,1,1,1,1,1,1,1,1,1,1,1,1,1,1,1,1,1,1,1,1,1,1,1,1,1,1,1,1,1,1,1,1,1,1,1,1,1,1,1,1,1,1
"Aphrocallistes_vastus_HiC-scaffold_108",1,1,1,1,1,1,1,1,1,1,1,1,1,1,1,1,1,1,1,1,1,1,1,1,1,1,1,1,1,1,1,1,1,1,1,1,1,1,1,1,1,1,1,1,1,1,1,1,1,1,1,1,1,1,1,1,1,1,1,1,1,1,1,1,1,1,1,1,1,1,1,1,1,1,1,1,1,1,1,1,1,1,1,1,1,1,1,1,1,1,1,1,1,1,1,1,1,1,1,1,1,1,1,1,1,1,1,1,1,0.00103064449635839,1,1,1,1,1,1,1,1,1,1,1,1,1,1,1,1,1,1,1,1,1,1,1,1,1,1,1,1,1,1,1,1,1,1,1,1,1,1,1,1,1,1,1,1,1,1,1,1,1,1,1,1,1,1,1,1,1,1,1,1,1,1,1,1,1,1,1,1,1,1,1,1,1,1,1
